乐仕居脸谱餐具	118	白酒
法国进口红酒大礼包	288	进口酒
西班牙进口红酒魔法森林干红750ml*6整箱装	699	进口酒
【316大促】法国原瓶进口aoc传世圣蒙干红葡萄酒750ml(6瓶装)	279	进口酒
法国原瓶进口红酒 金装盛宴干红葡萄酒6支红酒整箱欧式醒酒器装 750ml*6	268	进口酒
法国原瓶进口aoc沙龙酒庄干红葡萄酒双支皮盒装	1005	进口酒
12°西班牙进口红酒圆瑞干红葡萄酒750ml	29	进口酒
法国进口红酒昂赛干红葡萄酒750ml 两瓶装	108	进口酒
法国原瓶进口红酒贝丽雅干红葡萄酒750ml*6 整箱装	178	进口酒
法国原瓶原装进口红酒波尔多银装盛宴干红葡萄酒红酒整箱特惠750ml*12	398	进口酒
四大地方名酒	0	地方名酒
2010年老洋酒收藏 马爹利蓝带700ml martell干邑白兰地	1198	地方名酒
乐仕居脸谱餐具	118	地方名酒
52°茅台集团贵宾老酒（a15）500ml*6	195	地方名酒
50°景芝古酿五年酒500ml（乐享）	118	地方名酒
韩国海特超爽啤酒355ml（12瓶装）重复勿用	0	啤酒类型
六大洋酒聚会装	768	啤酒类型
4°五星啤酒330ml	4	啤酒类型
罗克啤酒把杯42cl	35	啤酒类型
4.1°达奇taki草莓味伏特加鸡尾酒（预调酒）夜场装275ml	6	啤酒类型
4.1°达奇taki蓝莓味伏特加鸡尾酒（预调酒） 夜场装 275ml	6	啤酒类型
韩国海特超爽啤酒355ml（12瓶装）	0	啤酒类型
克洛帝姜啤味伏特加预调酒330ml（12瓶装）	168	啤酒类型
0	162	啤酒类型
40°芝华士12年苏格兰威士忌50ml（重复勿用）	0	啤酒类型
【清仓】意大利玛莎尼干红葡萄酒750ml	128	葡萄酒种类
液问野生山葡萄酒750ml（6瓶装）	468	葡萄酒种类
【清仓】法国优雅系列赤霞珠干红葡萄酒750ml	49	葡萄酒种类
【清仓】法国圣时洋卡莱堡干红葡萄酒750ml	59	葡萄酒种类
【清仓】法国优雅系列西拉干红葡萄酒750ml	49	葡萄酒种类
意大利依普斯红葡萄酒750ml	59	葡萄酒种类
【清仓】法国酒星干红葡萄酒	39	进口酒类
法国原瓶原装进口红酒波尔多银装盛宴干红葡萄酒红酒整箱特惠750ml*12	398	进口酒类
法国百笛菲尔精选干红葡萄酒	78	进口酒类
49°一品景芝15年500ml	599	景芝酒
62°景芝老字号原浆1900ml	498	景芝酒
52°景芝福酒 500ml	29	景芝酒
38°景芝陈酿酒480ml	68	景芝酒
37°国标景芝国弈酒三段500ml	119	景芝酒
（清仓）59°景阳春大王5000ml	2588	景芝酒
46°一品景芝妙品500ml（景芝酒业董事长刘全平签名版）	338	景芝酒
42°国标景芝国弈酒陆段500ml	273	景芝酒
燕京纯生啤酒500ml（24瓶装）	288	冰啤
哈尔滨啤酒冰爽330ml（24瓶装）	52	冰啤
美国酷睿果味啤酒	99	果味啤酒
进口啤酒 比利时布什桃子啤酒 烈性果味啤酒 bush peche 330ml*6	899	果味啤酒
进口果味啤酒kiss天使之吻石榴柠檬果味啤酒西打酒500ml(6听装）	88	果味啤酒
比利时进口林德曼樱桃啤酒水蜜桃果味啤酒（lindemans）250ml*6	109	果味啤酒
进口果味啤酒天使之吻樱桃味果味啤酒西打酒500ml（24听装）	328	果味啤酒
比利时进口红粉象给劲樱桃烈性果味啤酒330ml*6	139	果味啤酒
进口果味啤酒kiss天使之吻蓝莓覆盆子混合果味啤酒500ml(24听装）	328	果味啤酒
进口啤酒kiss天使之吻蓝莓覆盆子味果味啤酒西打酒500ml(6听装）	88	果味啤酒
进口果味啤酒kiss天使之吻梨子味啤酒西打酒 500ml(24听装）	328	果味啤酒
进口果味啤酒kiss天使之吻梨子味啤酒西打酒500ml（6听装）	88	果味啤酒
德国红玫瑰半干红+白玫瑰干白葡萄酒双支松木礼盒	288	半干白葡萄酒
澳大利亚比洛半干白葡萄酒250ml（四瓶装）	152	半干白葡萄酒
 意大利康帝干白葡萄酒	99	半干白葡萄酒
【清仓】澳大利亚比洛半干白葡萄酒250ml	38	半干白葡萄酒
西班牙桃乐丝宝石半干白葡萄酒	168	半干白葡萄酒
【清仓】摩尔多瓦经典半干白气泡葡萄酒750ml	159	半干白葡萄酒
法国戴斯韦尼珍藏干白葡萄酒750ml	159	半干白葡萄酒
【清仓】澳大利亚21兄弟长相思半干白葡萄酒	199	半干白葡萄酒
【清仓】南非艾瑞贝拉白诗南干白葡萄酒	107	半干白葡萄酒
西班牙蒙特干白葡萄酒750ml	68	半干白葡萄酒
德国三王之年德国半甜白葡萄酒750ml（乐享）	138	甜白葡萄酒
【清仓】德国米歇尔贵腐甜白葡萄酒500ml	69	甜白葡萄酒
【清仓】法国威尼斯堡公主半甜白葡萄酒750ml	109	甜白葡萄酒
美国32领域桑特庄园麝香甜白葡萄酒750ml	88	甜白葡萄酒
加拿大史东妮精选晚收维达尔甜白葡萄酒375ml 礼盒装	179	甜白葡萄酒
【清仓】法国卡松古堡半甜白葡萄酒750ml	119	甜白葡萄酒
朋珠优雅甜白葡萄酒750ml（双瓶装）	119	甜白葡萄酒
意大利蓝沐斯半甜型白葡萄酒	188	甜白葡萄酒
【清仓】友谊地久天长珍藏蛇龙珠干红葡萄酒750ml	129	蛇龙珠葡萄酒
友谊地久天长珍藏蛇龙珠干红葡萄酒750ml（6瓶装）	774	蛇龙珠葡萄酒
【清仓】中国澜爵珍藏版蛇龙珠干红葡萄酒	139	蛇龙珠葡萄酒
【清仓】宁夏岩画酒庄蛇龙珠2011干红葡萄酒750ml	85	蛇龙珠葡萄酒
8年树龄蛇龙珠干红	69	蛇龙珠葡萄酒
【清仓】中国澜爵窖藏特级蛇龙珠干红葡萄酒	79	蛇龙珠葡萄酒
中国澜爵珍藏版蛇龙珠干红葡萄酒黑色双支皮盒	158	蛇龙珠葡萄酒
（清仓）中国张裕邮票纪念版之张裕卡斯特蛇龙珠干红葡萄酒	408	蛇龙珠葡萄酒
38°国宝竹叶青475ml+中国澜爵珍藏版蛇龙珠干红葡萄酒	227	蛇龙珠葡萄酒
澳大利亚奔富寇兰山赤霞珠西拉红葡萄酒750ml（又名：西拉卡本内）	79	赤霞珠葡萄酒
中国沙莊原生态种植赤霞珠干红葡萄酒750ml	29	赤霞珠葡萄酒
澳大利亚小企鹅赤霞珠红葡萄酒750ml	69	赤霞珠葡萄酒
【清仓】中国越 千年赤霞珠干红葡萄酒750ml	108	赤霞珠葡萄酒
【清仓】法国优雅系列赤霞珠干红葡萄酒750ml	49	赤霞珠葡萄酒
【清仓】俄罗斯法纳赤霞珠干红葡萄酒	178	赤霞珠葡萄酒
智利曼露赤霞珠干红葡萄酒750ml	899	赤霞珠葡萄酒
【清仓】意大利托斯卡赤霞珠干红葡萄酒	87	赤霞珠葡萄酒
（清仓）35°致中和每日养生酒125ml	12	致中和
32°致中和五加皮酒125ml	14	致中和
32°致中和五加皮酒125ml	14	致中和
【清仓】中国沙莊原生态种植赤霞珠干红葡萄酒750ml(6瓶装)	396	致中和
（清仓）32°致中和新生代五加皮酒500ml	480	致中和
（清仓）32°致中和新生代五加皮酒250ml	270	致中和
32°致中和五加皮酒125ml	14	致中和
32°无糖型致中和酒125ml	18	致中和
12°宁夏红精品枸杞酒100ml	12	宁夏枸杞酒
12°宁夏红枸杞酒精品型250ml	45	宁夏枸杞酒
12°宁夏红红宝枸杞酒500ml	49	宁夏枸杞酒
12°宁夏红精品枸杞酒100ml（12瓶装）	192	宁夏枸杞酒
12°宁夏红红宝枸杞酒500ml+12°宁夏红255ml	0	宁夏枸杞酒
12°宁夏红枸杞酒精品型250ml（3瓶装）	147	宁夏枸杞酒
12°宁夏红健康生活500ml+12°宁夏红枸杞酒100ml	0	宁夏枸杞酒
12°宁夏红精品枸杞酒100ml（6瓶装）	54	宁夏枸杞酒
18°精品昊州红杞枸杞酒238ml	21	宁夏枸杞酒
40°君度橙味力娇酒700ml	89	力娇酒
40°君度力娇酒350ml	79	力娇酒
24°波士香蕉力娇酒700ml	78	力娇酒
波士紫罗兰力娇酒700ml	138	力娇酒
40°bols波士力娇酒白橙皮口味700ml	88	力娇酒
35°火焰杰克丹尼力娇酒jack daniel's鸡尾酒配制酒750ml	168	力娇酒
24°波士樱桃白兰地力娇酒利口酒700ml	82	力娇酒
24° bols波士棕可可力娇酒利口酒	76	力娇酒
21°深蓝草莓风味利口酒 skyy力娇酒700ml	89	力娇酒
70°福卢克苦艾酒500ml	148	苦艾酒
38°卓尔白兰地 卓尔配制酒 巴西白兰地 dreher 900ml	58	苦艾酒
40°美国杰克丹尼750ml	198	苦艾酒
彩虹鸡尾酒套餐调酒套装（六大洋酒套装送子弹杯吧勺）（6瓶装）	368	苦艾酒
35.5°美国whisky威凤凰甜心蜂蜜波本/波旁威士忌750ml	112	苦艾酒
43°白俄罗斯斯卡雅香草味露酒700ml	89	苦艾酒
40°菲利普斯原味威士忌（小）100ml	79	苦艾酒
40°英国马谛氏尊者苏格兰威士忌+杯子1个	218	苦艾酒
翰格蓝爵haig club苏格兰进口威士忌洋酒 700ml	399	苦艾酒
40°英国摩根船长黑牌朗姆酒700ml	95	苦艾酒
德国进口啤酒慕尼黑卢云堡狮牌小麦白啤酒整箱500ml(24听装)	178	狮牌啤酒
德国进口啤酒柏龙球迷版小麦白啤酒500ml(24听装)	138	狮牌啤酒
德国狮虎争霸比尔森啤酒500ml（4瓶装）	44	狮牌啤酒
德国狮虎争霸比尔森啤酒500ml（6瓶装）	66	狮牌啤酒
德国教士白啤酒 500ml（5瓶装）	65	教士啤酒
德国教士黑啤酒500ml（10瓶装）	128	教士啤酒
德国原瓶进口教士啤酒franziskaner黑啤/白啤500ml*6	899	教士啤酒
德国进口啤酒慕尼黑教士小麦白啤酒整箱500ml(24听装)	159	教士啤酒
德国进口啤酒慕尼黑教士纯麦白啤酒500ml（12瓶装）	99	教士啤酒
德国原装进口教士啤酒杯500ml*1个	29	教士啤酒
52°泸州老窖三人炫1000ml(双瓶装）+52°五粮液股份进万家（窖藏）450ml	228	森力啤酒
（清仓）40°蜂蜜伏特加500ml（3瓶装）	264	森力啤酒
超感布纹纸_105*80mm_红酒标_jjgdz16573757b	0	森力啤酒
超感布纹纸_105*80mm_红酒标_jjgdz16550860b	0	森力啤酒
森朴咖啡sample life（艺术家定制）8g*8	129	森力啤酒
人头马限量版筛盅（含6颗骰子）乐享	39	森力啤酒
5.1°红广场橙冰预调酒橙味265ml（6瓶装）	90	ktv啤酒
5.1°红广场粉冰预调酒水蜜桃味270ml（6瓶装）	90	ktv啤酒
38°金六福红色经典500ml（6瓶）+喝酒骰子	378	ktv啤酒
红广场（橙味+青柠味+水果味+紫莓味+水蜜桃味）	50	ktv啤酒
【清仓】4.8°柏木春-锐搏朗姆预调酒青柠味258ml	18	ktv啤酒
5.1°红广场紫冰预调酒紫莓味270ml	15	ktv啤酒
4.8°柏木春-锐搏朗姆预调酒蜜桃味258ml	18	ktv啤酒
5°酷思乐伏特加预调酒柠檬味275ml	18	ktv啤酒
红广场混合+橙冰+水蜜桃三瓶装	30	ktv啤酒
红广场缤纷七彩装（橙味+青柠+水果+紫莓+水蜜桃+ 草莓+麦芽糖桔子）	70	ktv啤酒
韩国凯狮罐装啤酒355ml	6	罐装啤酒
【酒仙独家】德国猎鹰比尔森啤酒500ml（24瓶装）	89	罐装啤酒
卢森堡宝鼎啤酒500ml（24瓶装）	456	罐装啤酒
雪花啤酒勇闯天涯听装500ml（24听装）	128	罐装啤酒
韩国凯狮罐装啤酒355ml（24瓶装）	0	罐装啤酒
德国啤酒进口啤酒瓦伦丁烈性啤酒 500ml24听装	139	罐装啤酒
德国进口啤酒磨坊主k小麦啤酒500ml(24听装)	98	罐装啤酒
燕京纯生啤酒500ml（6瓶装）	36	罐装啤酒
莱州hb皇家黑啤易拉罐330ml（24瓶装）	144	罐装啤酒
56°人参酒500ml(2003年)	108	东北人参酒
42°劲牌皇宫人参酒礼盒500ml*2	110	东北人参酒
30°鹿茸人参酒125ml	10.8	东北人参酒
30°鹿茸人参酒盒装500ml	68	东北人参酒
56°人参酒500ml(2003年)2瓶+52°精品沱牌110ml（2006年）1瓶	176	东北人参酒
30°鹿茸人参酒礼盒500ml*2	139	东北人参酒
42°劲牌皇宫人参酒礼盒500ml*2+14°劲牌韵酒150ml(乐享)	288	东北人参酒
30°鹿茸人参酒礼盒125ml*8	89	东北人参酒
8°天露人参山葡萄酒490ml	69	东北人参酒
12°古越龙山五年状元红2500ml	109	状元红酒
15.5°古越龙山状元红生子酒9000ml	1588	状元红酒
14°古越龙山手工酒五年陈酿350ml*6+4.2°古越龙山小q气泡酒桂花味(乐享)275ml（6瓶装）	159	状元红酒
古越龙山花雕2000 500ml（8瓶装）	299	状元红酒
12°会稽山帝聚堂(金标)428ml	39	状元红酒
13°九年陈酿红曲酒350ml	66	状元红酒
12°胜景山河1988  1l	1888	状元红酒
14°塔牌五年原酿4.18l	358	状元红酒
12°花糯手工原浆红曲黄酒·7年窖藏·清爽半甜型玉脂白520ml+半干型新芽黄520ml	158	状元红酒
13.5°椿萱红粬酒125ml	39	状元红酒
14°唐宋18年五彩人生花雕酒礼盒	288	唐宋黄酒
14°唐宋十年古坛2500ml	488	唐宋黄酒
14°唐宋六年陈花雕龙游500ml	46	唐宋黄酒
（清仓）14°唐宋12年青瓷花雕酒2500ml	499	唐宋黄酒
14°唐宋新品五年花雕500ml	30	唐宋黄酒
53°汾酒集团千秋老酒(唐宋元明清)礼盒245ml*5	179	唐宋黄酒
13°绍兴黄酒塔牌手工冬酿元红2500ml	98	糯米黄酒
9°塔牌白糯米酒500ml*12	118	糯米黄酒
8°江郎山糯米酒玻璃瓶500ml（2瓶装）	56	糯米黄酒
（清仓）8.5°即墨黄酒祥和470ml（9瓶装）	126	糯米黄酒
14°塔牌十年陈绍兴花雕酒680ml	108	鉴湖黄酒
12°浙江塔牌绍兴黄酒500ml	65	鉴湖黄酒
14°塔牌加饭酒十年原酿4180ml	699	鉴湖黄酒
五年陈酿塔牌绍兴花雕酒480ml（6瓶装）	234	鉴湖黄酒
14°会稽山纯正五年陈绍兴酒500ml（8瓶整箱装）	169	鉴湖黄酒
12°绍兴黄酒梁祝冬酿花雕陈香6 (350ml*8）	258	咸亨黄酒
13°绍兴黄酒塔牌手工冬酿元红2500ml	98	咸亨黄酒
12°绍兴黄酒梁祝冬酿花雕精装版陈香8 (350ml*6）	399	咸亨黄酒
（清仓）8.5°即墨黄酒祥和470ml（9瓶装）	126	咸亨黄酒
12°花糯手工原浆红曲黄酒·7年窖藏珍酿·清爽半甜型·清韵蓝520ml	98	咸亨黄酒
14°女儿红心意礼盒500ml*4+莲花居 阳澄湖大闸蟹 尚品 488型礼券6只装（公3.6-3.3两 母2.6-2.3两）	337	咸亨黄酒
14°乌毡帽陶藏花雕2500ml	99	咸亨黄酒
12°花糯手工原浆红曲黄酒·7年窖藏陈酿·清爽半甜型玉脂白520ml+清韵蓝520ml	188	咸亨黄酒
14°古越龙山手工酒五年陈酿350ml*6+4.2°古越龙山小q气泡酒桂花味(乐享)275ml（6瓶装）	159	咸亨黄酒
14°女儿红心意礼盒500ml*4	118	咸亨黄酒
30°神博金宝礼盒	138	灵芝保健酒
30°神博小宝100ml(新版)	15	灵芝保健酒
36°启飞玛咖酒礼盒装125ml*2	198	松茸酒
36°启飞玛咖酒125ml*6	599	松茸酒
冰纯嘉士伯啤酒600ml（12瓶装）	156	冰纯啤酒
丹麦carlsberg嘉士伯冰纯啤酒500ml（24罐）	178	冰纯啤酒
嘉士伯啤酒500ml（6瓶装）	36	冰纯啤酒
嘉士伯冰纯330ml	2	冰纯啤酒
53°贵州茅台酒特制陈酿成龙珍藏版500ml	8999	特制啤酒
（清仓）香格里拉特制干红葡萄酒	88	特制啤酒
0	138	特制啤酒
54°黄鹤楼特制c6 500ml	458	特制啤酒
53°特制老白汾酒500ml(1996-1999年）	890	特制啤酒
52°五粮液股份公司锦上添花特制475ml（6瓶装）	299	特制啤酒
【老酒特卖】52°五粮液股份公司宴会酒500ml*6（2012年出厂）	2994	特制啤酒
56°牛栏山特制二锅头500ml	83	特制啤酒
45°升级版特制一品仙竹 475ml（四瓶装）	116	特制啤酒
52°泸州老窖泸州酒(品酒)480ml	45	泸州酒
52°泸州老窖泸州酒(窖酒)480ml	69	泸州酒
52°泸州老窖泸州酒(善圆)480ml	36	泸州酒
德国凯撒王黄啤酒315ml	9	凯撒黄啤酒
德国原装进口坦克伯爵大麦黑啤酒5l桶装	69	凯撒黄啤酒
德国凯撒托姆黄啤酒礼盒	46.8	凯撒黄啤酒
德国凯撒黑啤酒500ml	9.9	凯撒黄啤酒
德国凯撒啤酒礼盒装950ml*4	183	凯撒黄啤酒
德国凯撒托姆黑啤酒500ml	6	凯撒黄啤酒
法国原瓶进口卡思特玛卡干红葡萄酒750ml（1盒装）	88	玛卡酒
0	68	玛卡酒
38°玛卡白兰地700ml	139	玛卡酒
法国原瓶进口卡思特玛卡干红葡萄酒750ml（6瓶装）	450	玛卡酒
14°古越龙山手工酒五年陈酿350ml*6+4.2°古越龙山小q气泡酒桂花味(乐享)275ml（6瓶装）	159	黄中皇
13.5°椿萱红粬酒125ml	39	黄中皇
18度台湾美瓷绍兴酒 1991年750ml陈年老酒（老酒）	999	绍兴老酒
12°浙江塔牌绍兴黄酒500ml	65	绍兴老酒
13°绍兴黄酒塔牌手工冬酿元红2500ml	98	绍兴老酒
0	258	绍兴老酒
10°雅侬尚品十年陈上海老酒500ml	35	上海老酒
10°雅侬尚品十年陈上海老酒500ml（6瓶装）	210	上海老酒
10°雅侬尚品六年陈上海老酒500ml	35	上海老酒
【老酒特卖】39°五粮液长三角250ml(2004年)	49	上海老酒
【老酒特卖】38°酒鬼酒500ml（2004年）	299	上海老酒
【老酒特卖】38º祥酒500ml(2002年)	89	上海老酒
46°二锅头酒（三十年陈酿）500ml（6瓶装）（2005年）	599	上海老酒
52°原浆老酒500ml（4瓶装）	236	上海老酒
（清仓）8.5°即墨黄酒祥和470ml（9瓶装）	126	石库门黄酒
12°花糯手工原浆红曲黄酒·7年窖藏珍酿·清爽半甜型·清韵蓝520ml	98	石库门黄酒
12°即墨老酒清爽型蓝典20 500ml	59	石库门黄酒
35°中国劲酒258ml	23	石库门黄酒
35°中国劲酒680ml	49	石库门黄酒
38°劲酒参茸酒精品礼盒500ml*2	478	石库门黄酒
35°中国劲酒680ml（6瓶装）	280	石库门黄酒
35°中国劲酒5l	229	石库门黄酒
五年陈酿塔牌绍兴花雕酒480ml	39	塔牌花雕酒
14°塔牌绍兴花雕10年冬酿500ml	158	塔牌花雕酒
五年陈酿塔牌绍兴花雕酒480ml（6瓶装）	234	塔牌花雕酒
13°绍兴黄酒塔牌手工冬酿元红2500ml	98	塔牌花雕酒
0	68	塔牌花雕酒
14°塔牌十年陈绍兴花雕酒680ml	108	塔牌花雕酒
14°塔牌绍兴花雕12年冬酿500ml	208	塔牌花雕酒
14°塔牌绍兴花雕18年冬酿500ml	328	塔牌花雕酒
塔牌绍兴花雕酒1500ml 中国名酒 养生酒保健酒	24.5	塔牌花雕酒
16.5°古越龙山陈年花雕600ml	29	陈年花雕酒
（清仓）16.5°古越龙山陈年花雕600ml（12瓶装）	144	陈年花雕酒
14°古越龙山十年陈礼盒花雕酒500ml+300ml	158	陈年花雕酒
15°古越龙山八年花雕王500ml（3瓶装）	174	陈年花雕酒
15°塔牌十年特醇木盒花雕酒500ml	158	陈年花雕酒
13°绍兴黄酒塔牌手工冬酿元红2500ml	98	陈年花雕酒
35°中国劲酒258ml	23	陈年花雕酒
俄罗斯波罗的海冰纯雅啤500ml(24瓶装）	276	波罗的海啤酒
俄罗斯波罗的海冰纯雅啤500ml	11.5	波罗的海啤酒
俄罗斯波罗的海烈性雅啤500ml	11.5	波罗的海啤酒
爱沙尼亚维鲁啤酒300ml(20瓶装)	169	波罗的海啤酒
俄罗斯波罗的海琥珀雅啤500ml	11.5	波罗的海啤酒
美国进口手工精酿巴乐丝平/岬角银汉鱼淡色艾尔啤酒355ml*6	179	波罗的海啤酒
燕京菠萝果汁啤酒330ml	3	波罗的海啤酒
俄罗斯波罗的海琥珀雅啤500ml(24瓶装）	276	波罗的海啤酒
美国进口精酿啤酒巴乐丝平/岬角淡色艾尔啤酒（ballast point）355ml*6	149	波罗的海啤酒
进口啤酒 比利时布什桃子啤酒 烈性果味啤酒 bush peche 330ml*6	899	波罗的海啤酒
4.8°泰古tagus白啤酒330ml*24	99	冰度啤酒
冰纯嘉士伯啤酒600ml（12瓶装）	156	冰度啤酒
0	36	冰度啤酒
美国进口精酿啤酒角头鲨60分钟90分钟棕色艾尔ipa啤酒355ml*6	169	冰度啤酒
比利时进口精酿啤酒组合装330ml（6瓶装）	126	冰度啤酒
德国冰顶黑啤酒3.1l	119	冰度啤酒
超感布纹纸_105*80mm_红酒标_jjgdz19204850b	0	王子啤酒
67°男人·衡水老白干500ml（4瓶装）+62°衡水老白干绿标500ml（6瓶装）	499	王子啤酒
超感布纹纸_105*80mm_红酒标_jjgdz18899074b	0	王子啤酒
超感布纹纸_105*80mm_红酒标_jjgdz16889990b	0	王子啤酒
美国进口精酿啤酒巴乐丝平/岬角淡色艾尔啤酒（ballast point）355ml*6	149	艾尔黑啤酒
美国进口手工精酿巴乐丝平/岬角银汉鱼淡色艾尔啤酒355ml*6	179	艾尔黑啤酒
韩国海特黑啤酒355ml（6瓶装）	40.8	艾尔黑啤酒
德国哈尔博棕熊黑啤酒500ml（24瓶装）	384	艾尔黑啤酒
捷克威尔皇家啤酒黑啤500ml	12.5	艾尔黑啤酒
韩国5°海特黑啤酒black beer330ml（24瓶装）	237.6	艾尔黑啤酒
53°国台酱酒1l（黄金版）+德国埃丝伯爵黑啤酒500ml	568.9	艾尔黑啤酒
德国雪夫黑啤酒500ml	9	艾尔黑啤酒
韩国海特黑啤酒355ml	8	艾尔黑啤酒
凯撒白啤酒500ml（12瓶装）	98.8	凯撒白啤
德国凯撒白啤酒礼盒	168	凯撒白啤
凯撒白啤酒1l（4听装）	79	凯撒白啤
德国凯撒托姆白啤酒礼盒装500ml*10	69	凯撒白啤
德国进口啤酒卡蒙小麦白啤500ml（24听装）	89	凯撒白啤
比利时进口白啤海弗莱小麦白啤酒330ml（12瓶装）	138	凯撒白啤
德国德福堡白啤酒5l	158	凯撒白啤
42°劲牌皇宫人参酒礼盒500ml*2	110	山参酒
56°人参酒500ml(2003年)	108	山参酒
30°鹿茸人参酒125ml	10.8	山参酒
30°鹿茸人参酒盒装500ml	68	山参酒
30°鹿茸人参酒礼盒125ml*8	89	山参酒
42°劲牌皇宫人参酒礼盒500ml*2+14°劲牌韵酒150ml(乐享)	288	山参酒
30°鹿茸人参酒礼盒500ml*2	139	山参酒
56°人参酒500ml(2003年)2瓶+52°精品沱牌110ml（2006年）1瓶	176	山参酒
40°乌克兰卢嘉诺娃人参伏特加500ml	175	山参酒
12°花糯手工原浆红曲黄酒·7年窖藏陈酿·清爽半甜型玉脂白520ml+清韵蓝520ml	188	咸亨雕皇
14°唐宋新品十五年花雕500ml	129	唐宋花雕酒
（清仓）14°唐宋12年青瓷花雕酒2500ml	499	唐宋花雕酒
14°唐宋30年花开富贵花雕酒2500ml	1169	唐宋花雕酒
14°唐宋六年陈花雕龙游500ml	46	唐宋花雕酒
14°唐宋新品五年花雕500ml	30	唐宋花雕酒
（清仓）14°唐宋10年五彩人生花雕酒150ml	0	唐宋花雕酒
14°唐宋18年五彩人生花雕酒礼盒	288	唐宋花雕酒
14°唐宋新品二十年花雕500ml	258	唐宋花雕酒
14°唐宋新品十年花雕500ml	108	唐宋花雕酒
0	129	将军啤酒
39°红星将军窖小将5年500ml	88	将军啤酒
【清仓】4.8°泡牛朗姆预调酒水蜜桃味275ml	11	养生啤酒
美国进口精酿啤酒巴乐丝平/岬角淡色艾尔啤酒（ballast point）355ml*6	149	养生啤酒
燕京精品啤酒330ml	3	养生啤酒
燕京纯生啤酒500ml（6瓶装）	36	纯爽啤酒
青岛啤酒五星鲜爽500ml	4	纯爽啤酒
青岛啤酒五星鲜爽330ml	5	纯爽啤酒
燕京纯生啤酒500ml	6	纯爽啤酒
冰纯嘉士伯啤酒600ml（12瓶装）	156	纯爽啤酒
韩国海特超爽啤酒355ml	6.8	纯爽啤酒
青岛啤酒五星鲜爽330ml（6瓶装）	19.9	纯爽啤酒
青岛啤酒五星鲜爽500ml(12瓶装）	84	纯爽啤酒
燕京纯生啤酒500ml（12瓶装）	79	纯爽啤酒
德国进口啤酒凯尔特人黑啤酒纯麦黑啤酒500ml(24听装)	108	纯麦啤酒
德国进口啤酒凯尔特人小麦啤酒纯麦白啤酒500ml(24听装)	108	纯麦啤酒
进口啤酒德国啤酒艾丁格爱丁格纯麦白啤酒500ml（10瓶装）	128	纯麦啤酒
燕京纯生啤酒500ml	6	纯麦啤酒
德国进口啤酒卡力特纯麦黑啤酒5升装	95	纯麦啤酒
德国进口啤酒慕尼黑教士纯麦白啤酒500ml（12瓶装）	99	教士纯麦啤酒
德国进口范佳乐（教士）小麦黑啤酒500ml*3	86	教士纯麦啤酒
进口啤酒德国啤酒艾丁格爱丁格纯麦白啤酒500ml（10瓶装）	128	教士纯麦啤酒
进口啤酒德国慕尼黑教士纯麦白啤酒500ml（24瓶装）	189	教士纯麦啤酒
德国进口啤酒德国慕尼黑教士小麦黑啤酒500ml（24瓶装）	189	教士纯麦啤酒
燕京纯生啤酒500ml（6瓶装）	36	教士纯麦啤酒
乐仕居脸谱餐具	118	双喜啤酒
52°泸州老窖双喜酒a10 500ml（6瓶装）	2388	双喜啤酒
52°泸州老窖双喜酒(a9) 500ml（6瓶装)	816	双喜啤酒
燕京纯生啤酒500ml（6瓶装）	36	金纯啤酒
4.1°达奇taki蓝莓味白兰地鸡尾酒（预调酒）纯情装275ml	6	金纯啤酒
冰纯嘉士伯啤酒600ml（12瓶装）	156	金纯啤酒
燕京纯生啤酒500ml(6瓶装）	0	金纯啤酒
燕京纯生啤酒500ml	6	金纯啤酒
53°土豪金元宝酱酒500ml	399	土豪金啤酒
土豪金双支皮盒（含四件酒具）	69	土豪金啤酒
50°伊力特·沙漠之狐（土豪金）600ml	69	土豪金啤酒
50°伊力特·沙漠之狐（土豪金）600ml（8瓶装）	952	土豪金啤酒
52°泸州老窖（土豪金9）480ml（6瓶装）	399	土豪金啤酒
50°伊力特·沙漠之狐（土豪金）600ml+50°伊力特·伊力马帮（铁盒）600ml	178	土豪金啤酒
iphone7   32g（土豪金）	5890	土豪金啤酒
iphone5s土豪金（乐享）	8888	土豪金啤酒
莱州hb皇家黑啤易拉罐330ml（24瓶装）	144	易拉罐啤酒
0	14	易拉罐啤酒
莱州hb皇家黑啤易拉罐330ml（6瓶装）	36	易拉罐啤酒
青岛啤酒奥古特易拉罐500ml（12瓶装）	118	易拉罐啤酒
莱州hb皇家（黑啤+黄啤）易拉罐330ml	12	易拉罐啤酒
莱州hb皇家黄啤酒易拉罐500ml+莱州hb皇家黑啤易拉罐330ml	20	易拉罐啤酒
莱州hb皇家黄啤易拉罐500ml(6瓶装）	0	易拉罐啤酒
凯撒白啤酒1l（4听装）	79	易拉罐啤酒
英国原装进口啤酒百威（佰德威）黄啤酒500ml(24听装)	139	易拉罐啤酒
进口果味啤酒kiss天使之吻梨子味啤酒西打酒 500ml(24听装）	328	酒吧啤酒
喝酒骰子	10	酒吧啤酒
克兰格调配威士忌+2个骰子	0	酒吧啤酒
5.1°红广场粉冰预调酒水蜜桃味270ml（6瓶装）	90	酒吧啤酒
38°金六福红色经典500ml（6瓶）+喝酒骰子	378	酒吧啤酒
超感布纹纸_105*80mm_红酒标_jjgdz16537561b	0	酒吧啤酒
盛世冷切口高脚杯35cl	29	酒吧啤酒
【清仓】澳大利亚艾玛餐桌设拉子红葡萄酒	716	饭店啤酒
（清仓）35°百年牛栏山酒店专供500ml	78	饭店啤酒
53°茅台飞天500ml（1号店董事长于刚签名版）	1780	饭店啤酒
12°井冈山六年陈红米酒500ml	29	饭店啤酒
40°玛丽xo白兰地1200ml（带木架）	199	饭店啤酒
12°井冈山红米酒460ml	29	饭店啤酒
韩国4.5°海特麦思啤酒max beer355ml（6瓶装）	90	麦思啤酒
韩国4.5°海特麦思啤酒max beer355ml（24瓶装）	360	麦思啤酒
韩国4.5°海特麦思啤酒max beer355ml	15	麦思啤酒
韩国4.5°海特麦思啤酒max beer355ml（6瓶装）	90	麦思啤酒
韩国4.5°海特麦思啤酒max beer355ml（6瓶装）	90	麦思啤酒
韩国4.5°海特麦思啤酒max beer355ml	15	麦思啤酒
比利时尚图1842纪念版啤酒250ml(24瓶套装)	276	麦思啤酒
2016新品进口啤酒比利时督威三花duveltripel hop330ml*24	599	麦思啤酒
德国奥丁格大麦啤酒500ml	0	大麦啤酒
德国进口啤酒费尔德堡大麦黑啤酒500ml(24听装)	99	大麦啤酒
德国原装进口唛帝大麦黑啤酒500ml（24听装）	89	大麦啤酒
雪花清爽啤酒330ml（12瓶装）	33.6	大麦啤酒
哈尔滨小麦王啤酒500ml*18	83.4	小麦王啤酒
哈尔滨啤酒小麦王拉罐330ml（24瓶装）	64	小麦王啤酒
哈尔滨啤酒小麦王330ml(6瓶装)	12.8	小麦王啤酒
哈尔滨小麦王啤酒500ml*3	13.9	小麦王啤酒
哈尔滨啤酒小麦王330ml(24瓶装)	59.9	小麦王啤酒
德国进口柏龙（普拉那）小麦王白啤酒500ml(24瓶装）	198	小麦王啤酒
67°男人·衡水老白干500ml（4瓶装）+62°衡水老白干绿标500ml（6瓶装）	499	衡水老白干啤酒
【酒仙独家】67°男人·衡水老白干500ml（4瓶装）	499	衡水老白干啤酒
62°衡水老白干绿标500ml（双瓶装）	38	衡水老白干啤酒
62°衡水老白干典藏版4000ml	599	衡水老白干啤酒
42°大山特窖藏经典500ml( 6瓶装)	414	阳春啤酒
0	25	阳春啤酒
【清仓】法国勃兰登堡优级波尔多干红葡萄酒750ml	199	阳春啤酒
南非艾瑞贝拉品乐珠2011干红葡萄酒黑色双支皮盒	208	阳春啤酒
【清仓】智利普罗米萨窖藏赤霞珠干红葡萄酒	198	阳春啤酒
哈尔滨啤酒冰爽330ml（24瓶装）	52	冰爽啤酒
冰纯嘉士伯啤酒600ml（12瓶装）	156	冰爽啤酒
【清仓】意大利冰爽气泡酒200ml	69	冰爽啤酒
嘉士伯啤酒500ml（6瓶装）	36	冰爽啤酒
德国狮虎争霸比尔森啤酒500ml（6瓶装）	66	冰爽啤酒
12°青红冰爽490ml	49	冰爽啤酒
5°东名驰激情畅想水蜜桃酒375ml（三瓶装）	49	冰爽啤酒
【清仓】南非四兄弟起泡白葡萄酒	159	古德啤酒
南非四兄弟芳香甜红葡萄酒1500ml	228	古德啤酒
20°甘露咖啡力娇酒kahlua利口酒咖啡甜酒700/750ml	89	古德啤酒
【清仓】南非四兄弟芳香甜白葡萄酒1500ml	199	古德啤酒
雪花啤酒清爽330ml	2.8	清爽啤酒
五星啤酒清爽330ml	0	清爽啤酒
雪花清爽啤酒330ml（12瓶装）	33.6	清爽啤酒
3.1°青岛啤酒五星清爽330ml	3.71	清爽啤酒
雪花啤酒清爽330ml （24瓶装）	49	清爽啤酒
雪花啤酒清爽330ml（24瓶装）	68	清爽啤酒
燕京精品啤酒330ml	3	清爽啤酒
dior-迪奥女士香水q版明星组合 真我5ml+魅惑5ml+花漾5ml 礼盒 套装	125	大腕啤酒
【清仓】4.8°泡牛朗姆预调酒水蜜桃味275ml	11	保健啤酒
比利时尚图1842纪念版啤酒250ml(24瓶套装)	276	保健啤酒
比利时尚图1842纪念版啤酒250ml*6	69	保健啤酒
2010年老洋酒收藏 马爹利蓝带700ml martell干邑白兰地	1198	保健啤酒
燕京精品啤酒330ml	3	保健啤酒
美国进口精酿啤酒巴乐丝平/岬角淡色艾尔啤酒（ballast point）355ml*6	149	保健啤酒
韩国海特超爽啤酒355ml(6瓶装）	0	保健啤酒
喝酒骰子	10	太阳啤酒
盛世冷切口高脚杯35cl	29	太阳啤酒
法国原瓶进口xo棒棒糖樱桃风味红葡萄果味起泡酒750ml（6瓶装）	328	太阳啤酒
意大利圣霞多肯爱玫瑰红低泡葡萄酒（3瓶装）	288	太阳啤酒
法国原瓶进口xo棒棒糖百香果风味桃红果味起泡酒750ml（6瓶装）	328	太阳啤酒
比利时进口智美红帽蓝帽督威白熊舒弗啤酒组合330ml*6	119	太阳啤酒
三人炫陶瓷酒具	69	太阳啤酒
【清仓】52°武陵芙蓉国色6 500ml（2瓶装）	170	西湖啤酒
7°低糖蓝莓酒750ml（3瓶装）(重复勿用）	0	西湖啤酒
比利时进口马里斯6度修道院精酿啤酒(maredsous)330ml*24	436	三得利啤酒
德国原装进口啤酒柏龙（普拉那）黑麦王黑啤酒500ml(24瓶装)	198	三得利啤酒
比利时尚图1842纪念版啤酒250ml*6	69	三得利啤酒
40°芝华士12年苏格兰威士忌500ml品酒礼包	229	芝华士啤酒
40°芝华士12年苏格兰威士忌50ml（重复勿用）	0	芝华士啤酒
40°英国芝华士威士忌500ml	169	芝华士啤酒
四大洋酒烈酒鸡尾酒基酒套装 黑方百利甜芝华士杰克丹尼威士忌	700	芝华士啤酒
（清仓）40°芝华士12年苏格兰威士忌tin装700ml	256	芝华士啤酒
进口啤酒 比利时布什桃子啤酒 烈性果味啤酒 bush peche 330ml*6	899	芝华士啤酒
罗西尼手表（专属订制版）	1180	吉普啤酒
邵氏茶酒礼盒套装500ml+700ml	1380	吉普啤酒
神舟飞船航天模型（乐享）	168	吉普啤酒
42°大清猎酒满汉御液小酒版100ml	39	吉普啤酒
3.8°韩国海特超爽啤酒330ml	7.5	超爽啤酒
韩国海特超爽啤酒355ml	6.8	超爽啤酒
韩国海特超爽啤酒355ml(6瓶装）	0	超爽啤酒
韩国海特超爽啤酒355ml（12瓶装）重复勿用	0	超爽啤酒
14°梅花秀酒（果子酒）300ml+进口韩国海特超爽啤酒355ml	0	超爽啤酒
韩国海特超爽啤酒355ml（24瓶套装）重复勿用	0	超爽啤酒
韩国海特超爽啤酒355ml（24瓶装）	163	超爽啤酒
韩国海特超爽啤酒355ml（12瓶装）	0	超爽啤酒
韩国海特超爽啤酒+真露烧酒杯+骰子	20	超爽啤酒
17.8°新真露竹炭酒360ml+进口韩国海特超爽啤酒355ml	0	超爽啤酒
40°英国麦卡伦琥珀高地单一麦芽苏格兰威士忌700ml	405	七匹狼啤酒
35.5°美国whisky威凤凰甜心蜂蜜波本/波旁威士忌750ml	112	七匹狼啤酒
澳大利亚奔富洛神山庄赤霞珠红葡萄酒750ml（6瓶装）	269	七匹狼啤酒
法国波漾城堡村庄级aoc干红葡萄酒750ml	199	七匹狼啤酒
恒温酒柜jf168s	7074	七匹狼啤酒
40°雷慕拿破仑白兰地700ml	239	拿破仑啤酒
40°拿破仑特级vsop干邑白兰地700ml	298	拿破仑啤酒
【清仓】法国圣洛克拿破仑干红葡萄酒	135	拿破仑啤酒
40°法国拿破仑napoleon大将军vsop白兰地	81	拿破仑啤酒
40°法国拿破仑xo干邑白兰地1000ml	1199	拿破仑啤酒
40°法国拿破仑vs干邑白兰地700ml	298	拿破仑啤酒
12°艾斯卡特酒庄干红葡萄酒750ml（6瓶装）	594	艾斯卡特葡萄酒
12°艾斯卡特酒庄干红葡萄酒750ml	99	艾斯卡特葡萄酒
12°艾斯卡特蛇龙珠干红葡萄酒 典藏级 礼盒装750ml	129	艾斯卡特葡萄酒
12°艾斯卡特酒庄干红葡萄酒750ml（6瓶装）加2个酒杯+1个酒刀	640.9	艾斯卡特葡萄酒
艾斯卡特玫瑰红甜葡萄酒750ml（双瓶装）	58	艾斯卡特葡萄酒
12°艾斯卡特蛇龙珠干红葡萄酒 典藏级 礼盒装750ml（双盒装）	258	艾斯卡特葡萄酒
10°艾斯卡特rose桃红葡萄酒375ml（6瓶装）	534	艾斯卡特葡萄酒
10°艾斯卡特lily甜白葡萄酒375ml（6瓶装）	534	艾斯卡特葡萄酒
红酒之家西班牙干红意大利起泡酒超值套装750ml（4瓶装）	320	艾斯卡特葡萄酒
58°台湾马祖高粱酒	539	马祖东引高粱酒
50°台湾马祖经典高粱酒500ml	686	马祖东引高粱酒
45°台湾马祖高粱酒（银牌）	409	马祖东引高粱酒
50°台湾马祖经典高粱酒150ml	259	马祖东引高粱酒
四大地方名酒	0	果酒种类
14°梅花秀酒（果子酒）300ml(3瓶装）	59.7	果酒种类
液问野生山葡萄酒750ml（6瓶装）	468	果酒种类
42°大山特窖藏经典500ml( 6瓶装)	414	果酒种类
52°皇朝御窖神秘莫测（窖龄30）500ml	268	果酒种类
0	0	果酒种类
重	534	果酒种类
维尔波瑞野生蓝莓酒750ml	1398	蓝莓水果酒
伊村山野野生蓝莓酒500ml	90	蓝莓水果酒
6°天露冰糖蓝莓果酒490ml	89	蓝莓水果酒
红姑娘蓝莓酒750ml	49	蓝莓水果酒
液问蓝莓红酒375ml	109	蓝莓水果酒
蓝莓果酒750ml（6瓶装）	360	蓝莓水果酒
红姑娘野生蓝莓酒750ml	68	蓝莓水果酒
【清仓】加拿大蓝莓酒2009 375ml	458	蓝莓水果酒
8°蓝莓干红酒750ml	380	蓝莓水果酒
银菲干红蓝莓酒750ml	1088	蓝莓水果酒
中国云南柔红果露酒375ml	59	红提子露酒
【清仓】法国菩提奥碧埃庄园梅洛红葡萄酒	170	红提子露酒
葡萄酒双支手提袋	19	红提子露酒
酒仙网手提袋	18	红提子露酒
【清仓】法国菩提博耶城堡激情系列红葡萄酒	179	红提子露酒
0	89	红提子露酒
法国菩提博耶城堡雄狮系列红葡萄酒	298	红提子露酒
0	58	山楂果酒
桓龙湖鲜果酒礼盒(猕猴桃+秋海棠+野山楂+山葡萄)	88	山楂果酒
7°红姑娘老山楂酒1977  500ml	18	山楂果酒
8°桓龙湖奇异红果山楂酒500ml（双瓶装）+嘉年华小黑皮诺手工水晶杯（500ml）+黑色酒刀	99	山楂果酒
7°红姑娘老山楂酒（盒中袋）2000ml	65	山楂果酒
怡达山楂零食组合480g	29.8	山楂果酒
8°桓龙湖奇异红果山楂酒500ml+ 8°桓龙湖金色典范猕猴桃酒500ml+嘉年华小黑皮诺手工水晶杯（500ml）+黑色酒刀	192	山楂果酒
怡达山楂球(原味)60g	4.5	山楂果酒
8°桓龙湖奇异红果山楂酒500ml	49	山楂果酒
红姑娘蓝莓酒750ml	49	山楂果酒
35°诗仙太白金立方百年玺木瓜酒475ml	188	木瓜陈酒
12°诗仙太白金立方古南冰谷四星木瓜酒550ml	140	木瓜陈酒
12°诗仙太白金立方古南冰谷五星木瓜酒600ml	338	木瓜陈酒
10°百麓青梅蜜酿果酒700ml	198	青梅果酒
10°五粮液集团cloris青梅果酒（玫瑰）375ml（双瓶装）	198	青梅果酒
12°青梅酒360ml（6瓶装）	120	青梅果酒
10°仙林果酒（青梅鲜果味）500ml	96	青梅果酒
14°韩国宝海梅翠纯青梅酒5年陈酿礼盒装375ml*3	195	青梅果酒
0	127.2	青梅果酒
6°玛丽青梅酒519ml	15.5	青梅果酒
12°青梅酒360ml（12瓶装）	240	青梅果酒
8°桓龙湖金色典范猕猴桃酒500ml（4瓶装）	99	奇异果酒
8°桓龙湖奇异红果山楂酒500ml（双瓶装）+嘉年华小黑皮诺手工水晶杯（500ml）+黑色酒刀	99	奇异果酒
8°桓龙湖金色典范猕猴桃酒500ml（4瓶装）+嘉年华小黑皮诺手工水晶杯（500ml）+黑色酒刀	350	奇异果酒
8°桓龙湖奇异红果山楂酒500ml+ 8°桓龙湖金色典范猕猴桃酒500ml+嘉年华小黑皮诺手工水晶杯（500ml）+黑色酒刀	192	奇异果酒
桓龙湖鲜果酒礼盒(猕猴桃+秋海棠+野山楂+山葡萄)	88	奇异果酒
8°桓龙湖金色典范猕猴桃酒500ml	25	奇异果酒
8°桓龙湖奇异红果山楂酒500ml(双瓶装)	58	奇异果酒
8°桓龙湖奇异红果山楂酒500ml	49	奇异果酒
法国原瓶进口aoc博斯克干红葡萄酒（6瓶装）+嘉年华黑珍珠海马酒刀+sligh斯莱克葡萄酒水晶杯450ml*2	662	奇异果酒
维兰尼love装（情人酒萝莉+情人酒女神+情人酒女王）	447	火龙果酒
0	128	山莓果酒
【清仓】意大利巴利比云粉红珍珠粉红汽泡酒375ml	139	山莓果酒
0	185	山莓果酒
【清仓】法国乐多庄红葡萄酒	826	山莓果酒
0	48	山莓果酒
德国教士白啤酒 500ml（5瓶装）	65	山莓果酒
德国进口啤酒卡蒙小麦白啤500ml（24听装）	89	山莓果酒
燕京纯生啤酒500ml（24瓶装）	288	山莓果酒
12°大山红枣酒750ml(乐享)	158	红枣果酒
12°天生红枣酒魅惑精典375ml	288	红枣果酒
9°天生红枣酒福禄寿喜750ml	148	红枣果酒
中国有机红枣干白酒500ml	158	红枣果酒
摇篮果金胚吊干红枣500g	88	红枣果酒
12°天生红枣酒颐养精典750ml	378	红枣果酒
42°金相府一星枣酒500ml	59	红枣果酒
42°枣木杠唐枣酒500ml	339	红枣果酒
39°枣木杠酒250ml*6（乐享）	234	红枣果酒
5°玛丽菠萝酒300ml	10.5	菠萝果酒
玛丽菠萝瓶草莓酒300ml	10.5	菠萝果酒
燕京菠萝果汁啤酒330ml	3	菠萝果酒
（清仓）40°金碧纳托菠萝威士忌利口酒700ml	108	菠萝果酒
燕京菠萝果汁啤酒330ml(6瓶装）	0	菠萝果酒
【清仓】燕京菠萝果汁啤酒330ml（24瓶装）	79	菠萝果酒
（清仓）40°金碧纳托菠萝威士忌利口酒700ml（3瓶装）	0	菠萝果酒
（清仓）40°金碧纳托菠萝威士忌利口酒+红广场绿冰预调酒（青柠味）	148	菠萝果酒
【清仓】西班牙雅格干红葡萄酒	88	菠萝果酒
【全球买手】意大利马天尼阿斯蒂起泡葡萄酒750ml（双瓶装）	159	菠萝果酒
12°宁夏红枸杞果酒健康生活(半干型)500ml（6瓶装）	348	枸杞果酒
0	49	枸杞果酒
宁夏红枸杞果酒健康生活+宁夏红枸杞酒精品型150ml	0	枸杞果酒
【清仓】12°宁夏红枸杞果酒健康生活（半干）255ml	29	枸杞果酒
12°宁夏红枸杞果酒健康生活（半干）255ml（9瓶装）	234	枸杞果酒
12°宁夏红精品枸杞酒100ml（6瓶装）	54	枸杞果酒
宁夏红枸杞干果	18	枸杞果酒
12°宁夏红枸杞果酒健康快车半干500ml	59	枸杞果酒
法国原瓶进口xo棒棒糖百香果风味桃红果味起泡酒750ml（6瓶装）	298	百香果酒
法国原瓶进口xo棒棒糖百香果风味桃红果味起泡酒750ml（6瓶装）	328	百香果酒
法国原瓶进口xo棒棒糖百香果风味桃红果味起泡酒750ml	68	百香果酒
法国原瓶进口xo棒棒糖百香果风味白葡萄果味起泡酒750ml（6瓶装）	328	百香果酒
法国原瓶进口xo棒棒糖百香果风味白葡萄果味起泡酒750ml（6瓶装）	298	百香果酒
4.5°查理斯堡粉红佳丽草莓果露酒375ml	28	草莓果酒
12°日本纪州草莓梅酒 720ml	258	草莓果酒
玛丽菠萝瓶草莓酒300ml	10.5	草莓果酒
德国酒星草莓口味起泡葡萄配制酒200ml（乐享）	29	草莓果酒
玛丽龙舌兰三瓶装（草莓+苹果+柠檬)	45	草莓果酒
4.2°frs草莓伏特加预调酒275ml	11	草莓果酒
红广场缤纷七彩装（橙味+青柠+水果+紫莓+水蜜桃+ 草莓+麦芽糖桔子）	70	草莓果酒
【清仓】摩尔多瓦·苏沃洛夫酒庄波蒙特投手草莓甜红葡萄酒	199	草莓果酒
玛丽特基拉四瓶装（柠檬+草莓+苹果+青梅275ml）	127.2	草莓果酒
3.8°msharp米锐（米之清预调酒-草莓味） 275ml（6瓶装）	72	草莓果酒
6°天露冰糖蓝莓果酒490ml	89	树莓果酒
7°伊村山野蓝莓果酒750ml（6瓶装）	360	树莓果酒
云南司岗里醉炫（银标）375ml（6瓶装）	234	树莓果酒
13°顺昌源梅酒（带梅果）800g	45	树莓果酒
8°桓龙湖金色典范猕猴桃酒500ml（4瓶装）	99	树莓果酒
10°百麓石榴蜜酿果酒700ml	158	树莓果酒
7°伊村山野蓝莓果酒750ml	49	树莓果酒
红姑娘蓝莓酒750ml	49	树莓果酒
桓龙湖鲜果酒礼盒(猕猴桃+秋海棠+野山楂+山葡萄)	88	树莓果酒
云南司岗里原生木瓜发酵酒750ml	99	树莓果酒
4.1°达奇taki蓝莓味伏特加鸡尾酒（预调酒）纯情装275ml(乐享）	16	幸运袋鼠鸡尾酒
4.1°达奇taki草莓味伏特加鸡尾酒（预调酒）纯情装275ml(乐享）	16	幸运袋鼠鸡尾酒
澳大利亚原瓶进口袋鼠西拉干红葡萄酒750ml单支装	135	幸运袋鼠鸡尾酒
4.1°达奇taki草莓味伏特加鸡尾酒（预调酒）夜场装275ml	6	幸运袋鼠鸡尾酒
0	16	幸运袋鼠鸡尾酒
【清仓】德国viqoo威酷香橙味起泡鸡尾酒250ml	38	幸运袋鼠鸡尾酒
3.8°锐澳鸡尾酒瓶装(预调酒)275ml	15	幸运袋鼠鸡尾酒
4.1°达奇taki蓝莓味伏特加鸡尾酒（预调酒） 夜场装 275ml	6	幸运袋鼠鸡尾酒
3.8°达奇taki香橙味伏特加鸡尾酒（预调酒）夜场装275ml	16	幸运袋鼠鸡尾酒
达奇taki鸡尾酒（预调酒）炫彩纯情装275ml(6瓶装）	96	鸡尾酒分类
德国viqoo威酷3种口味起泡鸡尾酒装	114	鸡尾酒分类
鸡尾酒套装	325	鸡尾酒分类
4.1°达奇taki蓝莓味伏特加鸡尾酒（预调酒）纯情装275ml(乐享）	16	鸡尾酒分类
4.8°百加得冰锐朗姆预调鸡尾酒8种口味套装275ml*16	158	鸡尾酒分类
3.8°锐澳紫葡萄味白兰地鸡尾酒(预调酒)275ml	13.5	紫葡萄味鸡尾酒
【清仓】德国viqoo威酷香橙味起泡鸡尾酒250ml	38	紫葡萄味鸡尾酒
3.8°msharp米锐（米之清预调酒-葡萄味） 275ml（6瓶装）	72	紫葡萄味鸡尾酒
4.8° 海维斯特朗姆预调酒葡萄味(派对猫咪)275ml	16	紫葡萄味鸡尾酒
海维斯特朗姆预调酒水果味鸡尾酒洋酒275ml*6	30	紫葡萄味鸡尾酒
达奇taki鸡尾酒（预调酒）炫彩纯情装275ml(6瓶装）	96	紫葡萄味鸡尾酒
红广场缤纷七彩装（橙味+青柠+水果+紫莓+水蜜桃+ 草莓+麦芽糖桔子）	70	紫葡萄味鸡尾酒
35°火焰杰克丹尼力娇酒jack daniel's鸡尾酒配制酒750ml	168	YRO鸡尾酒
3.0°锐澳柠檬味朗姆鸡尾酒(预调酒)330ml	13.5	柠檬味鸡尾酒
5°酷思乐伏特加预调酒柠檬味275ml	18	柠檬味鸡尾酒
3.8°杰特朗姆预调酒柠檬味275ml	12	柠檬味鸡尾酒
【清仓】德国viqoo威酷香橙味起泡鸡尾酒250ml	38	柠檬味鸡尾酒
3.8°杰特朗姆预调酒柠檬味275ml(6瓶装)	72	柠檬味鸡尾酒
【清仓】德国viqoo威酷青柠薄荷味起泡鸡尾酒250ml	38	柠檬味鸡尾酒
3.8°锐澳紫葡萄味白兰地鸡尾酒(预调酒)275ml	13.5	柠檬味鸡尾酒
德国viqoo威酷3种口味起泡鸡尾酒装	114	柠檬味鸡尾酒
5.5°百加得绝+朗姆预调酒系列柠檬味275ml	16	柠檬味鸡尾酒
鸡尾酒套装	325	柠檬味鸡尾酒
3.0°锐澳鸡尾酒罐装(预调酒)330ml	15	锐澳鸡尾酒
rio锐澳鸡尾酒hello kitty装275ml（6瓶装）	59	锐澳鸡尾酒
3.8°锐澳鸡尾酒瓶装(预调酒)275ml	15	锐澳鸡尾酒
3.8°锐澳橙味伏特加鸡尾酒(预调酒)275ml	13.5	锐澳鸡尾酒
【清仓】德国viqoo威酷香橙味起泡鸡尾酒250ml	38	锐澳鸡尾酒
rio鸡尾酒预调酒混彩装（6瓶装）	81	锐澳鸡尾酒
3.8°锐澳水蜜桃味白兰地鸡尾酒(预调酒)275ml	13.5	锐澳鸡尾酒
4.1°达奇taki水蜜桃味伏特加鸡尾酒（预调酒）纯情装275ml	16	水蜜桃味鸡尾酒
0	15	水蜜桃味鸡尾酒
【清仓】德国viqoo威酷蜜桃味起泡鸡尾酒250ml	19	水蜜桃味鸡尾酒
【清仓】4.8°泡牛朗姆预调酒水蜜桃味275ml	11	水蜜桃味鸡尾酒
3.8°杰特朗姆预调酒水蜜桃味275ml（6瓶装）	72	水蜜桃味鸡尾酒
3.8°锐澳水蜜桃味白兰地鸡尾酒(预调酒)275ml	13.5	水蜜桃味鸡尾酒
3.8°中国上海锐澳水蜜桃味白兰地鸡尾酒hellokitty2（预调酒）275ml	15	水蜜桃味鸡尾酒
4.8°泡牛朗姆预调酒野葡萄味275ml+4.8°泡牛朗姆预调酒水蜜桃味275ml	22	水蜜桃味鸡尾酒
【清仓】德国viqoo威酷香橙味起泡鸡尾酒250ml	38	香橙味鸡尾酒
3.8°达奇taki香橙味伏特加鸡尾酒（预调酒）夜场装275ml	16	香橙味鸡尾酒
37.5°苏连红香橙味伏特加750ml	68	香橙味鸡尾酒
鸡尾酒套装	325	香橙味鸡尾酒
西班牙爱之湾甜型起泡酒套装（桃红莫斯卡托+香橙味）	144	香橙味鸡尾酒
西班牙爱之湾香橙味甜起泡酒750ml	69	香橙味鸡尾酒
【清仓】德国viqoo威酷蜜桃味起泡鸡尾酒250ml	19	香橙味鸡尾酒
3.8°锐澳橙味伏特加鸡尾酒(预调酒)275ml	13.5	香橙味鸡尾酒
德国viqoo威酷3种口味起泡鸡尾酒装	114	香橙味鸡尾酒
4.1°达奇taki青柠味伏特加鸡尾酒（预调酒）纯情装275ml	16	青柠味鸡尾酒
4.1°达奇taki青柠味伏特加鸡尾酒（预调酒）纯情装275ml（乐享）	16	青柠味鸡尾酒
达奇taki鸡尾酒（预调酒）炫彩夜场装(6瓶装）+青柠味（6瓶装）	192	青柠味鸡尾酒
【清仓】德国viqoo威酷青柠薄荷味起泡鸡尾酒250ml	38	青柠味鸡尾酒
4.8°百加得冰锐朗姆预调酒青柠味275ml（6瓶装）	60	青柠味鸡尾酒
【清仓】4.8°柏木春-锐搏朗姆预调酒青柠味258ml	18	青柠味鸡尾酒
4.8°百加得冰锐假日瓶版-青柠味275ml	9.9	青柠味鸡尾酒
37.5°拉脱维亚里加黑牌青柠味伏特加700ml	128	青柠味鸡尾酒
14.5°红广场鸡尾酒 太妃焦糖味500ml	99	焦糖味鸡尾酒
14.5°红广场鸡尾酒 太妃焦糖味500ml	99	焦糖味鸡尾酒
10°红广场鸡尾酒 黑樱桃味500ml	36	焦糖味鸡尾酒
14.5°红广场鸡尾酒 太妃焦糖味500ml	99	焦糖味鸡尾酒
17°德国拜尔尼特焦糖奶油味利口酒（配制酒）	118	焦糖味鸡尾酒
4.1°达奇taki蓝莓味伏特加鸡尾酒（预调酒）纯情装275ml(乐享）	16	蓝莓味鸡尾酒
4.1°达奇taki蓝莓味伏特加鸡尾酒（预调酒） 夜场装 275ml	6	蓝莓味鸡尾酒
4.8°柏木春-锐搏朗姆预调酒蓝莓味258ml	18	蓝莓味鸡尾酒
10°红广场鸡尾酒 蓝莓味500ml	36	蓝莓味鸡尾酒
5°酷思乐伏特加预调酒蓝莓味275ml	18	蓝莓味鸡尾酒
3.8°杰特朗姆预调酒蓝莓味275ml（6瓶装）	72	蓝莓味鸡尾酒
4.1°达奇taki蓝莓味白兰地鸡尾酒（预调酒）纯情装275ml	6	蓝莓味鸡尾酒
3.8°杰特朗姆预调酒蓝莓味275ml	12	蓝莓味鸡尾酒
【清仓】德国viqoo威酷香橙味起泡鸡尾酒250ml	38	蓝莓味鸡尾酒
4.8°百加得冰锐假日瓶版-蓝莓味275ml	9.9	蓝莓味鸡尾酒
58°玉山台湾高粱酒客家花布600ml	179	玉山茅台酒
54°五星茅台（1986年）540ml	26559	玉山茅台酒
【清仓】52°茅台集团茅乡酒（12）500ml	35	玉山茅台酒
【老酒特卖】53°茅台财富酒（金尊）500ml	999	玉山茅台酒
【清仓】53°茅台集团古源酒（传说）500ml	119	玉山茅台酒
53°贵州茅台镇飞天不老酒丙申猴500ml*6	749	玉山茅台酒
45°潭酒大曲酒475ml（乐享）	29	玉山茅台酒
53°茅台不老酒（1979）500ml	299	玉山茅台酒
42°台湾八八坑道典藏淡丽600ml	265	八八坑道42度
八八坑道二入杯组(乐享)	40	八八坑道42度
58°台湾八八坑道龙行天下纪念酒礼盒	1159	八八坑道42度
38°台湾八八坑道梅开如意高粱酒500ml	238	八八坑道42度
53°台湾八八坑道典藏陈高600ml	389	八八坑道42度
58°八八坑道高粱酒马到成功600ml	278	八八坑道42度
53°台湾八八坑道典藏陈高600ml	389	八八坑道53度
53°台湾八八坑道宝岛经典600ml	309	八八坑道53度
53°台湾八八坑道宝岛经典300ml	169	八八坑道53度
58°台湾八八坑道龙行天下纪念酒礼盒	1159	八八坑道53度
38°台湾八八坑道梅开如意高粱酒500ml	238	八八坑道53度
42°台湾八八坑道典藏淡丽600ml	265	八八坑道53度
58°台湾八八坑道龙行天下纪念酒礼盒	1159	八八坑道58度
58°八八坑道高粱酒马到成功600ml	278	八八坑道58度
58°台湾八八坑道日月潭名景纪念礼盒	580	八八坑道58度
58°八八坑道高粱酒梅开如意窖藏500ml	198	八八坑道58度
38°台湾八八坑道梅开如意高粱酒500ml	238	八八坑道58度
53°台湾八八坑道宝岛经典600ml	309	八八坑道58度
53°台湾八八坑道宝岛经典300ml	169	八八坑道58度
42°台湾八八坑道典藏淡丽600ml	265	八八坑道58度
52°五岭洞藏黑金刚品鉴酒200ml（乐享）	29	黑金刚酒
52°五岭洞藏黑金刚ii代品鉴酒1号200ml	29	黑金刚酒
德国玉泉葡萄酒500ml	99	玉泉庄园
德国玉泉冰葡萄酒（6瓶装）	1128	玉泉庄园
42°玉泉青雅国色（雅韵天合）475ml	296	玉泉庄园
蒙特斯紫天使干红葡萄酒750ml	599	紫天使葡萄酒
【清仓】智利柯莱皇室珍藏赤霞珠干红葡萄酒	199	紫天使葡萄酒
澳大利亚利达民绅富珍藏混酿干红葡萄酒750ml（4瓶）	699	紫天使葡萄酒
炫丽低醇甜桃红高泡葡萄酒750ml	49.9	紫天使葡萄酒
53°酒雨紫色回忆9 500ml	229	紫天使葡萄酒
红广场（橙味+青柠味+水果味+紫莓味+水蜜桃味）	50	紫天使葡萄酒
【清仓】法国帕拉马城堡红葡萄酒	159	马天庄园
法国马得乐干红葡萄酒750ml*6瓶	179	马天庄园
【清仓】意大利红与红阿马罗内玫瑰园干红葡萄酒750ml	1300	马天庄园
马到成功意大利顶级红酒礼盒	910	马天庄园
【清仓】新疆马仕·皮卡1618赤霞珠干红葡萄酒750ml	56	马天庄园
法国原瓶进口马得乐干红葡萄酒750ml*1瓶送酒杯*2酒具一套	69	马天庄园
法国帕拉马城堡干红单支礼盒	247	马天庄园
法国（原瓶进口）法圣古堡天使树干红葡萄酒750ml	44	玛丽天使葡萄酒
西班牙勇士天使红葡萄酒750ml	598	玛丽天使葡萄酒
【清仓】法莱雅天使干红葡萄酒（红标）750ml	49	玛丽天使葡萄酒
法国（原瓶进口）法圣古堡天使树干红葡萄酒750ml（12瓶装）	198	玛丽天使葡萄酒
蒙特斯紫天使干红葡萄酒750ml	599	玛丽天使葡萄酒
【清仓】法莱雅天使干红葡萄酒（粉标）750ml	49	玛丽天使葡萄酒
法国（原瓶进口）法圣古堡天使树干红葡萄酒750ml(6瓶装)	129	玛丽天使葡萄酒
法国（原瓶进口）法圣古堡天使树干红葡萄酒750ml*2(双支礼盒装)	79	玛丽天使葡萄酒
42°北冬虫夏草酒d6 500ml（双瓶装）	276	虫草黄酒
35°雪奇蛹虫草酒（露酒）	39	虫草黄酒
0	0	虫草黄酒
42°北冬虫夏草酒60年500ml（双瓶装）	616	虫草黄酒
42°北冬虫夏草酒d9 500ml	169	虫草黄酒
42°北冬虫夏草酒50 收藏500ml（双瓶装）	356	虫草黄酒
42°蒙正虫草（青花瓷）500ml	129	虫草黄酒
42°北冬虫夏草酒庆功款500ml（双瓶装）	176	虫草黄酒
53°茅台集团北冬虫夏草酒蓝钻500ml（双瓶装）	799	虫草黄酒
42°北冬虫夏草酒d3 500ml（双瓶装）	216	虫草黄酒
14°古越龙山8年花雕王500ml	58	古越雕王
14°古越龙山8年花雕王500ml（双瓶装）	116	古越雕王
15°古越龙山八年花雕王500ml（6瓶装）	348	古越雕王
15°古越龙山八年花雕王500ml（3瓶装）	174	古越雕王
38°兰花竹十五年450ml+15°古越龙山八年花雕王500ml+12°宁夏红健康生活500ml	182	古越雕王
14°绍兴黄酒梁祝冬酿花雕经典版陈香12 (350ml*6）	999	梁祝黄酒
12°绍兴黄酒梁祝冬酿花雕陈香6 (350ml*8）	258	梁祝黄酒
（清仓）23°梁祝黄酒传奇系列30年陈酿520ml	338	梁祝黄酒
（清仓）20°梁祝黄酒传奇系列20年陈酿520ml	258	梁祝黄酒
（清仓）12°梁祝黄酒99年冬酿（半干型） 500ml（6瓶装）	228	梁祝黄酒
10°梁祝黄酒8年陈酿（半干型）500ml（6瓶装）	234	梁祝黄酒
12°绍兴黄酒梁祝冬酿花雕精装版陈香8 (350ml*6）	399	梁祝黄酒
14°绍兴黄酒梁祝冬酿花雕经典版陈香12  350ml	188	梁祝黄酒
14°唐宋新品十五年花雕500ml	129	善元泰雕
13°唐宋冰雕（新）500ml	29	善元泰雕
14°唐宋新品二十年花雕500ml	258	善元泰雕
14°唐宋18年五彩人生花雕酒礼盒	288	善元泰雕
14°唐宋十二年礼盒500ml*2	278	善元泰雕
0	108	善元泰雕
14°唐宋20年古坛花雕酒2500ml	759	善元泰雕
14°唐宋八年御酒2500ml	169	善元泰雕
14°唐宋新品五年花雕500ml	30	善元泰雕
14°唐宋绍兴花雕酒六年陈酿1000ml 	68	善元泰雕
（清仓）8.5°即墨黄酒祥和470ml（9瓶装）	126	福建黄酒
12°浙江塔牌绍兴黄酒500ml	65	福建黄酒
14°塔牌加饭酒十年原酿4180ml	699	福建黄酒
11°东方特雕清醇3年黄酒500ml (6瓶装)	0	福建黄酒
52°兰陵紫气东来1600ml（6瓶装）+10°兰陵ok特型黄酒200ml（乐享）+39°兰陵招待用酒500ml（乐享）	1892	福建黄酒
11°东方特雕金标清爽黄酒500ml（6瓶装）	78	福建黄酒
14°东方特雕陶瓷原酿黄酒3000ml	129	福建黄酒
11°东方特雕金标清爽黄酒500ml	13	福建黄酒
42°乾隆杯皇家老坛酒500ml（双瓶装）	69	昌邑黄酒
42°乾隆杯皇家老坛酒500ml	49	昌邑黄酒
50°乾隆杯青御贡酒500ml	169	昌邑黄酒
38°乾隆杯隆润酒480ml	39	昌邑黄酒
12°绍兴黄酒梁祝冬酿花雕陈香6 (350ml*4）	158	杭州黄酒
五年陈酿塔牌绍兴花雕酒480ml（6瓶装）	234	杭州黄酒
14°绍兴黄酒梁祝冬酿花雕经典版陈香12  350ml	188	杭州黄酒
14°绍兴黄酒梁祝冬酿花雕经典版陈香12 (350ml*6）	999	杭州黄酒
五年陈酿塔牌绍兴花雕酒480ml	39	杭州黄酒
12°绍兴黄酒梁祝冬酿花雕陈香6 350ml	40	杭州黄酒
12°绍兴黄酒梁祝冬酿花雕陈香6 (350ml*8）	258	杭州黄酒
12°绍兴黄酒梁祝冬酿花雕精装版陈香8 350ml	138	杭州黄酒
11°东方特雕清醇3年黄酒500ml (6瓶装)	0	上海黄酒
【老酒特卖】39°五粮液长三角250ml(2004年)	49	上海黄酒
【老酒】52°五粮液红火爆好运酒475ml（6瓶装）（2011年）	129	上海黄酒
11°东方特雕金标清爽黄酒500ml（6瓶装）	78	上海黄酒
15°古越龙山花雕2000 500ml（6瓶装）	300	上海黄酒
15°古越龙山花雕2000 500ml（双瓶装）	75	上海黄酒
11°淘时光青梅酒490ml*6	159	上海黄酒
素问白酒器5件套	199	上海黄酒
42°雪奇蛹虫草酒黄金版500ml	199	蛹虫草酒
35°雪奇蛹虫草酒（露酒）	39	蛹虫草酒
42°雪奇蛹虫草酒雪山版500ml	299	蛹虫草酒
42°雪奇蛹虫草酒黄金版500ml（双瓶装）	0	蛹虫草酒
42°北冬虫夏草酒d6 500ml（双瓶装）	276	蛹虫草酒
53°茅台集团北冬虫夏草酒蓝钻500ml	269	蛹虫草酒
42°北冬虫夏草酒庆功款500ml（双瓶装）	176	蛹虫草酒
42°蒙正虫草（青花瓷）500ml	129	蛹虫草酒
42°北冬虫夏草酒d9 500ml	169	蛹虫草酒
42°北冬虫夏草酒50 收藏500ml（双瓶装）	356	蛹虫草酒
（清仓）35°张裕特质三鞭酒500ml	25	参茸三鞭酒
30°张裕特质三鞭酒125ml（24瓶装）	238	参茸三鞭酒
30°张裕特质三鞭酒125ml	9.9	参茸三鞭酒
52°五岭洞藏黑金刚1500ml	79	五岭洞藏
【清仓】50°五岭洞藏 朴酒500ml	198	五岭洞藏
42°五岭洞藏洞藏五年500ml*6	234	五岭洞藏
60°五岭洞藏景泰蓝3000ml	2980	五岭洞藏
42°五岭洞藏洞藏五年500ml	39	五岭洞藏
52°五岭洞藏私藏原浆500ml*4	399	五岭洞藏
56°五岭洞藏国花瓷5000ml	699	五岭洞藏
42°五岭洞藏洞藏原浆150ml	39	五岭洞藏
42°五岭洞藏私房酒1000ml	89	五岭洞藏
48°曾国藩平天下酒500ml	788	天下酒
48°曾国藩平天下酒500ml	788	天下酒
38°皖酒王六年480ml（6瓶装）	654	皖酒王
50° “皖酒”五125ml（6瓶装）	199	皖酒王
50°“皖酒”十150ml（6瓶装）	266	皖酒王
38°皖酒王六年480ml	69	皖酒王
42°皖酒红淡雅500ml +42°皖酒紫淡雅500ml	189	皖酒王
42°百年皖酒20年陈酿500ml	428	皖酒王
42°百年皖酒十年125ml（双瓶装）	84	皖酒王
42°百年皖酒15年陈酿600ml	208	皖酒王
42°百年皖酒十年125ml（3瓶装）	126	皖酒王
52°酒鬼酒道缘（典藏1997）2500ml	499	金坛盛世
52°湘酒500ml	189	金坛盛世
50.8°龙韵贡 500ml	65	龙韵贡酒
38°古井贡酒酒版（龙韵瓶）50ml（2006年）	58	龙韵贡酒
50.8°龙韵贡（3年）500ml	109	龙韵贡酒
38°古井酒绵柔2008 500ml（6瓶装）	0	古井酒
（清仓）38° 古井酒三星500ml	29	古井酒
38°古井酒绵柔2008 500ml(6瓶装）	354	古井酒
38°古井酒绵柔2008 500ml	59	古井酒
50°古井贡酒原浆献礼版500ml	85	古井酒
【老酒特卖】38°古井贡酒（玲珑）700ml（1997年）	399	古井酒
42°迎驾银星450ml	138	迎驾贡酒银星
（清仓）40.3°迎驾银星450ml	96	迎驾贡酒银星
42°迎驾贡酒封藏6 500ml	59	迎驾贡酒银星
42°迎驾贡酒·赢家500ml	79	迎驾贡酒银星
42°迎驾贡酒封藏6 500ml（双瓶装）	90	迎驾贡酒银星
42°迎驾贡酒·赢家500ml(双瓶装)	158	迎驾贡酒银星
42°迎驾金星450ml（重复勿用）	0	迎驾贡酒金星
42°迎驾贡酒封藏6 500ml	59	迎驾贡酒金星
42°迎驾贡酒·赢家500ml	79	迎驾贡酒金星
42°迎驾贡酒·赢家500ml（6瓶装）+法国富乐男爵干红葡萄酒750ml（3瓶装）	616	迎驾贡酒金星
42°迎驾贡酒封藏6 500ml（双瓶装）	90	迎驾贡酒金星
42°迎驾贡酒·赢家500ml（6瓶装）	469	迎驾贡酒金星
53°笨人煮酒佳品500ml（4瓶装）	232	难得糊涂地和酒
53°笨人煮酒佳品500ml（6瓶装）	348	难得糊涂地和酒
42°泸纯六年陈窖500ml	66	难得糊涂地和酒
53°笨人煮酒佳品500ml（4瓶装）	232	难得糊涂家和酒
53°笨人煮酒佳品500ml（6瓶装）	348	难得糊涂家和酒
42°泸纯六年陈窖500ml	66	难得糊涂家和酒
洽是福礼·坚果炒货礼盒1430g	98	难得糊涂礼和酒
42°汤沟两相和（君礼）500ml（6瓶装）	828	难得糊涂礼和酒
【聚好喝特卖】50°古井贡酒·桃花春曲500ml(6瓶装)送洽是福礼礼盒1430g	679	难得糊涂礼和酒
五粮液股份有限公司出品52度五粮液仁义礼智信和白酒礼盒套装500ml（6瓶装）	768	难得糊涂礼和酒
中秋团圆套装（50°金六福金典（15）475ml*6+传奇会茶叶武夷红茶正山小种125g*4+洽是福礼礼盒1430g）	289	难得糊涂礼和酒
53°茅台集团天朝上品礼上礼500ml	468	难得糊涂礼和酒
42°汤沟两相和（君礼）500ml	198	难得糊涂礼和酒
52°渔樵境界-人和500ml	149	难得糊涂人和酒
46°+70°仰韶彩陶坊人和450ml+50ml	189	难得糊涂人和酒
42°泸纯六年陈窖500ml	66	难得糊涂天和酒
53°笨人煮酒佳品500ml（4瓶装）	232	难得糊涂天和酒
53°笨人煮酒佳品500ml（6瓶装）	348	难得糊涂天和酒
52°红花经典种子窖460ml	89	青花种子窖
52°红花经典种子窖460ml	89	青花种子窖
（清仓）8.5°即墨黄酒祥和470ml（9瓶装）	126	祥和酒
52°五岭洞藏五岭味道1000ml(6瓶装）	459	五岭老窖
【清仓】50°五岭洞藏 朴酒500ml	198	五岭老窖
56°五岭洞藏国花瓷5000ml	699	五岭老窖
52°泸州船山老窖 老窖珍品500ml（4瓶装）	0	五岭老窖
42°唐王宴绵柔十年600ml	58	国花郎
【清仓】45°小财神财神有礼礼盒450ml*4	99	小财神
【清仓】52°小财神招财500ml	29	小财神
52°小财神旺财500ml	29	小财神
52°小财神福喜临门500ml	29	小财神
【清仓】45°小财神喜结良缘500ml*2	69	小财神
42°永不分梨无梨系列红梨500ml(双瓶装）	396	小财神
53°酱鄉壹號酒30酱香型白酒3000ml	5888	丰谷壹号
52°丰谷清朝特酿488ml	58	丰谷99特酿
48°丰谷酒坊（品鉴酒）500ml（乐享）	319	丰谷99特酿
52°金不换明窖窖藏5 450ml(6瓶装)	199	丰谷V6
52°习水特曲特6 500ml	338	丰谷V6
48°丰谷酒坊（品鉴酒）500ml（乐享）	319	丰谷V9尊享酒
【酒仙独家】48°丰谷酒坊500ml（双瓶装）+48°丰谷酒坊（品鉴酒）500ml	957	丰谷V9尊享酒
52°丰谷精品特曲500ml	118	丰谷V9尊享酒
52°丰谷酒488ml	128	丰谷V9尊享酒
52°丰谷酒王15年500ml	1280	丰谷V9尊享酒
【老酒】52°丰谷醇蓝尊500ml（2011-2012）	69	丰谷V9尊享酒
38°丰谷酒坊500ml	236	丰谷V9尊享酒
0	749	轩辕
45°轩辕酒•地尊500ml	119	轩辕
45°轩辕酒•黄帝御酒500ml	89	轩辕
45°轩辕酒•天尊500ml	285	轩辕
45°轩辕酒•黄帝赐福500ml	199	轩辕
50°轩辕酒•黄帝同喜500ml	39	轩辕
45°轩辕酒•黄帝同祥500ml	59	轩辕
52°轩辕酒•旅游纪念版180ml*2	258	轩辕
52°轩辕酒•黄帝赐福（玖福）500ml	369	轩辕
45°轩辕酒•和酒500ml	749	轩辕45度
45°轩辕酒•黄帝御酒500ml	89	轩辕45度
45°轩辕酒•地尊500ml	119	轩辕45度
45°轩辕酒•天尊500ml	285	轩辕45度
45°轩辕酒•黄帝赐福（伍福）	189	轩辕45度
45°轩辕酒•黄帝同祥500ml	59	轩辕45度
45°轩辕酒•和酒礼盒500ml*2	999	轩辕45度
45°轩辕酒•黄帝赐福500ml	199	轩辕45度
45°轩辕酒•黄帝赐福500ml	199	黄帝赐福
52°轩辕酒•黄帝赐福（玖福）500ml	369	黄帝赐福
45°轩辕酒•黄帝赐福（伍福）	189	黄帝赐福
45°轩辕酒•黄帝御酒500ml	89	黄帝赐福
50°轩辕酒•黄帝同喜500ml	39	黄帝赐福
39°品度汾阳王500ml	128	黄帝赐福
52°河套金马神奇传说酒500ml	479	黄帝赐福
45°轩辕酒•天尊500ml	285	黄帝赐福
60°无一物许燎源鲜花盛开2010概念版375ml	359	黄帝赐福
41°衡水老白干国花（蓝牡丹）500ml	169	长安牡丹酒
【酒仙独家】52°剑南春-剑南红（红牡丹）500ml	169	长安牡丹酒
0	149	长安牡丹酒
【酒仙独家】52°剑南春-剑南红（红牡丹）500ml（6瓶装）	309	长安牡丹酒
41°衡水老白干国花（蓝牡丹）500ml（4瓶装）+洽洽皇葵原味葵花籽110g	298	长安牡丹酒
【清仓】42°衡水老白干国花（粉牡丹）500ml	50	长安牡丹酒
42°衡水老白干国花（粉牡丹）500ml(双瓶装)	129	长安牡丹酒
52°剑南春-剑南红（红牡丹）500ml（双瓶装）	109	长安牡丹酒
52°剑南春500ml+52°剑南春红牡丹500ml（作废）	0	长安牡丹酒
52°剑南春500ml+52°剑南春-剑南红（红牡丹）500ml	548	长安牡丹酒
50°活神仙太白酒珍品500ml	36	洞藏太白酒
50°太白酒（和谐）500ml	69	洞藏太白酒
50°活神仙太白酒珍品175ml	15	洞藏太白酒
50°太白酒（和谐）500ml	69	迎宾太白酒
50°活神仙太白酒珍品500ml	36	迎宾太白酒
50°活神仙太白酒珍品175ml	15	迎宾太白酒
45°道远太白30  500ml	399	迎宾太白酒
52°诗仙太白三品500ml	68	迎宾太白酒
50°太白酒（和谐）500ml	69	和雅太白酒
52°诗仙太白三星思乡情（二代）500ml	25	钻石太白酒
53°贵州茅台酒 500ml*12瓶 白酒整箱 1996年	158000	钻石太白酒
五粮液股份公司富贵天下浓香型白酒52度白酒整箱礼盒精品级500ml（6瓶装）	199	钻石太白酒
38°董酒黄标500ml（90年代早期）	400	五谷粮太白酒
52°诗仙太白盛世唐朝双重窖藏20年500ml	899	诗仙太白盛世唐朝
53°诗仙太白盛世唐朝将军酒15年（酱香）500ml	869	诗仙太白盛世唐朝
52°诗仙太白简装老酒470ml（12瓶装）	139	诗仙太白盛世唐朝
52°诗仙太白简装老酒470ml	29	诗仙太白盛世唐朝
【清仓】52°诗仙太白银卷500ml	79	诗仙太白盛世唐朝
52°诗仙太白醇粹（c3） 500ml	369	诗仙太白盛世唐朝
52°诗仙太白彩瓷裸瓶500ml	59	诗仙太白盛世唐朝
52°诗仙太白二品500ml	78	诗仙太白盛世唐朝
50°太白酒（和谐）500ml	69	诗仙太白盛世唐朝
五粮液股份公司富贵天下浓香型白酒52度白酒整箱礼盒精品级500ml（6瓶装）	199	小钻石太白酒
53°贵州茅台酒 500ml*12瓶 白酒整箱 1996年	158000	小钻石太白酒
52°浏阳河喜洋洋918 500ml	599	浏阳河红色经典
39°浏阳河喜洋洋酒礼盒装475ml	49	浏阳河红色经典
39°浏阳河金世纪新一星475ml	29	浏阳河红色经典
52°浏阳河柔和蓝瓷475ml（4瓶装）	264	浏阳河红色经典
52°浏阳河柔和蓝瓷475ml（4瓶装）	264	浏阳河蓝色经典
39°浏阳河喜洋洋祝君吉祥 475ml	39	浏阳河蓝色经典
【清仓】52°浏阳河珍藏礼品酒475ml	168	浏阳河蓝色经典
39°浏阳河喜洋洋酒礼盒装475ml	49	浏阳河蓝色经典
42°亨茂號之浏阳河年份酒475ml*4	1050	浏阳河蓝色经典
52°宝丰国色清香鉴品500ml	168	宝丰国色清香
52°宝丰国色清香尊品500ml	238	宝丰国色清香
52°宝丰国色清香藏品500ml	438	宝丰国色清香
46°宝丰国色清香鉴品（100mlx2）	28	宝丰国色清香
52°宝丰国色清香鉴品500ml+39°三星宝丰酒（裸瓶）	188	宝丰国色清香
52°宝丰国色清香鉴品500ml（双瓶装）	336	宝丰国色清香
46°宝丰国标酒500ml（6瓶装）	236	宝丰国色清香
52°宝丰老窖丰坛贰号500ml（作废勿用）	528	宝丰国色清香
42°百年才赋*智450ml	88	宝丰国色清香
52°宝丰老窖丰坛贰号500ml（双瓶）	176	宝丰国色清香
5°东名驰浪漫之夜苹果酒375ml*3（乐享）	57	度之度
62°地之韵 500ml	49	度之度
46°+70°仰韶彩陶坊人和450ml+50ml	189	仰韶彩陶坊
46°+70°仰韶彩陶坊人和450ml+50ml(双瓶装)	378	仰韶彩陶坊
【清仓】46°+70°仰韶彩陶坊人脉399ml+20ml	180	仰韶彩陶坊
46°+70°仰韶彩陶坊地脉399ml+20ml	239	仰韶彩陶坊
52°仰韶中国陶蒸国色500ml（6瓶装）	594	仰韶彩陶坊
46°+70°仰韶彩陶坊献礼中国465ml+35ml	135	仰韶彩陶坊
46°+70°仰韶彩陶坊人脉399ml+20ml（6瓶装）	774	仰韶彩陶坊
46°仰韶彩陶坊地利125ml（乐享）	69	仰韶彩陶坊
46°+70°仰韶彩陶坊人和450ml+50ml	189	彩陶坊人和
46°+70°仰韶彩陶坊人和450ml+50ml(双瓶装)	378	彩陶坊人和
【清仓】46°+70°仰韶彩陶坊人脉399ml+20ml	180	彩陶坊人和
46°+70°仰韶彩陶坊献礼中国465ml+35ml	135	彩陶坊人和
46°+70°仰韶彩陶坊人脉399ml+20ml（6瓶装）	774	彩陶坊人和
42°仰韶小窖裸瓶450ml（8瓶装）	160	彩陶坊人和
46°+70°仰韶彩陶坊地脉399ml+20ml	239	彩陶坊人和
0	1188	彩陶坊天时
46°仰韶彩陶坊地利125ml（乐享）	69	彩陶坊地利
【清仓】46°+70°仰韶彩陶坊人脉399ml+20ml	180	彩陶坊地利
46°+70°仰韶彩陶坊人和450ml+50ml	189	彩陶坊地利
52°大地魂白酒2500ml	658	石花
大涧里崂山绿茶80g	32	石花
53°茅台镇酒立方纯真希望酱香型白酒500ml	45	石花
53°茅台镇酒立方放心去飞酱香型白酒500ml	52	石花
52°大地魂白酒100ml	15	石花
52°酉水新红荞500ml	196	石花
52°五粮液天贝春豪华浓香型白酒500ml	438	石花
52°酉水喜酒500ml(6瓶装)	348	石花
40°江小白清香型高粱酒白酒单瓶500ml（万物生长系列欲放）	128	石花
52°酉水喜酒500ml	39	石花
（列级庄·名庄正牌）波尔多1855列级61家酒庄套装（2007年份）	69999	武当酒
42°黄山头原浆16年500ml	178	黄山头
53°黄山头楚藏20年500ml	598	黄山头
42°黄山头楚酿金窖王500ml	138	黄山头
【清仓】46°黄山头（1988） 500ml	980	黄山头
42°黄山头楚酿银窖王500ml	99	黄山头
42°黄山头原浆13年500ml	128	黄山头
42°黄山头特贡老窖王500ml	68	黄山头
【清仓】40°梨花老窖酒10陈酿礼盒225ml*2	116	梨花春酒
42°梨花老窖（20）500ml	109	梨花春酒
35°黄金梨花王礼盒	219	梨花春酒
38°红红火火梨花王500ml	279	梨花春酒
【清仓】52°剑南春-剑南国宝3d装500ml	88	国宝酒之魂
38°国宝竹叶青475ml	85	国宝酒之魂
52°剑南春-剑南国宝贵宾级500ml	268	国宝酒之魂
38°国宝竹叶青475ml+40°斯米诺红伏特加750ml	224	国宝酒之魂
52°剑南春-剑南国宝鉴赏级500ml	399	国宝酒之魂
【316大促】52°水井坊梅兰竹菊礼盒600ml*4+52°习牌特曲丙申年纪念版 500ml*2	1999	盛世国宝
52°汾酒集团杏花村清酒红五星450ml (6瓶装)	420	盛世国宝
52°御宴西凤龙凤呈祥（珍藏版）1350ml	159	盛世国宝
【清仓】52°五粮液股份公司锦上添花兴典250ml	69	盛世国宝
【老酒特卖】52°五粮液熊猫500ml	980	国宝熊猫酒
52°茅台集团经典品位熊猫盈盈珍藏级礼盒装1.5l*2	599	国宝熊猫酒
52°泸州老窖泸州贡（n9）500ml	68	国宝熊猫酒
52°五粮液(股份)唐王宴珍品750ml（双瓶装）+唐王宴手提袋	129	国宝原浆
【316大促】52°水井坊梅兰竹菊礼盒600ml*4+52°习牌特曲丙申年纪念版 500ml*2	1999	国宝原浆
58°金门九龙经典纪念酒坤龙挟珠1000ml	688	国宝原浆
67°醉驴300ml（6瓶装）	414	国宝原浆
63°闷倒驴醉驴1500ml（4瓶装）	396	国宝原浆
53°汾酒集团帝王黄典藏老酒475ml（6瓶装）+53°帝王黄迷你版100ml（双瓶装）	234	国宝原浆
【清仓】50°景阳春老黑坛500ml	49	国宝原浆
【清仓】52°剑南春-剑南国宝3d装500ml	88	国宝原浆
52°五粮液（股份）福中福陈酿500ml	238	酒中酒
52°五粮液（股份）福中福陈酿500ml	238	酒中酒
52°五粮液（股份）福中福陈酿500ml（双瓶装）	476	酒中酒
52°五粮液（股份）福中福陈酿500ml	238	酒中酒
【清仓】53°领酱国酒赋韵500ml	59	黔国酒
53°黔国小酱酒12生肖版100ml*12	240	黔国酒
53°酱领典藏15-捆沙酱香老酒680ml	139	黔国酒
【清仓】53°领酱国酒赋韵500ml	59	黔国酒
53°黔国小酱酒12生肖版100ml*12	240	黔国酒
53°黔国小酱酒12生肖版（马）100ml	9	黔国酒
53°廣祺酱酒（白金版）500ml	108	黔国酒
【清仓】53°廣祺酱酒（随心版）100ml	15	黔国酒
53°酱领j10 酱领非凡品质捆沙酱香酒500ml	589	黔国酒
53°酱领典藏15-捆沙酱香老酒680ml	139	黔国酒
14°唐宋十年古坛2500ml	488	古坛酒
53°科尔沁王古坛窖藏470ml	69	古坛酒
53°科尔沁王坛酒1000ml	99	古坛酒
53°扳倒井盛世古坛1500ml	119	古坛酒
53°扳倒井盛世古坛1500ml	119	古坛酒
14°唐宋20年古坛花雕酒2500ml	759	古坛酒
53°扳倒井盛世古坛1500ml	119	古坛酒
53°扳倒井盛世古坛1500ml	109	古坛酒
52°酒鬼老坛酒（金坛1997）1000ml	299	金坛酒
52°酒鬼老坛酒（金坛1997）1000ml+青岛啤酒五星鲜爽330ml（6瓶装）	488	金坛酒
52°粮溢天赐红运（小金坛）500ml	80	金坛酒
52°茅台集团贵州原浆酒 10·陈酿 500ml	166	贵州原浆酒
52°贵州茅台集团原浆酒（15）500ml（2012年）	39	贵州原浆酒
53°贵州茅台镇原浆酒500ml	29	贵州原浆酒
53°贵州茅台镇贵州原浆500ml（6瓶套装）	299	贵州原浆酒
52°茅台集团贵州原浆庆典1992 500ml（红盒）	59	贵州原浆酒
53°茅台镇原浆酒白色装500ml(6瓶装）	228	贵州原浆酒
39°枣木杠酒250ml*6（乐享）	234	金力来酒
澳大利亚黄尾袋鼠加本力苏维翁红葡萄酒750ml（又名：澳大利亚黄尾袋鼠赤霞珠红葡萄酒750ml）	49	金力来酒
40°君度橙味力娇酒700ml	89	金力来酒
澳大利亚原装进口红酒 黄尾袋鼠西拉/梅洛/加本力苏维翁葡萄酒	169	金力来酒
南非双洋加本力苏维翁梅洛红葡萄酒	99	金力来酒
24°波士香蕉力娇酒700ml	78	金力来酒
40°君度力娇酒350ml	79	金力来酒
澳大利亚黄尾袋鼠珍藏加本力苏维翁红葡萄酒750ml	79	金力来酒
trustnature澳洲原装进口醒酒片解酒片（一盒）	118	金力来酒
53°一道泓酱香方樽(8) 3000ml	349	一道泓
41°一道泓酱香（低白）246ml	98	一道泓
一道泓手壶300ml	99	一道泓
一道泓100元电话卡（乐享）	99	一道泓
53°一道泓酱香陈酿22原浆500ml	59	一道泓
53°一道泓酱香典范500ml	99	一道泓
53°一道泓酱香陈酿5 500ml +41°一道泓酱香（低白）246ml	134	一道泓
50°宋河粮液扣扣装*6+53°一道泓酱香5年陈酿*6	0	一道泓
53°千君醉三十年礼盒500ml	1080	千君醉
53°千君醉五年珍藏500ml	39	千君醉
53°千君醉三十年礼盒装500ml*2	629	千君醉
53°酱领j5酿藏酱香500ml（酱领酒业有限公司董事长张高贤签名酒）	259	酱领酒
52°家乡人和为贵500ml	498	和为贵酒
50°汾酒集团红瓷和为贵800ml （6瓶装）	1128	和为贵酒
52°家乡人和为贵500ml	498	和为贵酒
52°家乡人和为贵500ml	498	和为贵酒
52°青竹中国风-雅韵天成(蓝和白)礼盒装1750ml*2	479	天和酒
52°青竹中国风-雅韵天成(红和黄)礼盒装1750ml*2	479	天和酒
53°将门天子5年125ml	48	天和酒
46°宋河头曲（牛气冲天）500ml（红酒节乐享）（重复无用）	30	天和酒
53°贵州秘藏老秘酒500ml	129	老贵州
53°亮剑军酒20 500ml	89	亮剑军酒
52°亮剑军酒（蓝剑）500ml	86	亮剑军酒
53°亮剑军酒五星上将500ml	190	亮剑军酒
53°亮剑军酒二星500ml（4瓶装）	0	亮剑军酒
53°亮剑军酒1949收藏酒500ml	780	亮剑军酒
52°亮剑军酒500ml（乐享）	76	亮剑军酒
53°亮剑军酒二星500ml（5瓶装）	0	亮剑军酒
53°亮剑军酒二星500ml（6瓶装）	0	亮剑军酒
53°亮剑军酒二星500ml（3瓶装）	0	亮剑军酒
14°唐宋十年古坛2500ml	488	古坛庆典酒
53°科尔沁王古坛窖藏470ml	69	古坛庆典酒
14°唐宋20年古坛花雕酒2500ml	759	古坛庆典酒
53°扳倒井盛世古坛1500ml	109	古坛庆典酒
53°扳倒井盛世古坛1500ml	119	古坛庆典酒
52°古遂醉500ml（1994年）	268	古坛庆典酒
42°贵州茅台镇金酱百年国宴1915典藏500ml*2瓶	58	古坛庆典酒
52º茅台集团封坛原浆1997木盒装500ml（2瓶装）	158	古坛庆典酒
52°茅台茅乡封藏-v16 500ml（6瓶装）	359	古坛庆典酒
52º贵州茅台v30封藏原浆500ml（6瓶装）	159	古坛庆典酒
41°衡水老白干国花（蓝牡丹）500ml（双瓶装）	149	牡丹酒
41°衡水老白干国花（蓝牡丹）500ml（4瓶装）+洽洽皇葵原味葵花籽110g	298	牡丹酒
41°衡水老白干国花（蓝牡丹）500ml	169	牡丹酒
【清仓】42°衡水老白干国花（粉牡丹）500ml	50	牡丹酒
【酒仙独家】52°剑南春-剑南红（红牡丹）500ml	169	牡丹酒
45°洋河蓝色经典梦之蓝m6 500ml	639	酒行天下
52°洋河蓝色经典梦之蓝m6 500ml	658	酒行天下
53°杏井汾行天下三十礼盒	89	酒行天下
52°御品德山德行天下500ml	319	酒行天下
洛加干红葡萄酒750ml	79	酒行天下
（清仓）58°金门行军酒礼盒	258	酒行天下
五粮液股份公司富贵天下浓香型白酒52度白酒整箱礼盒精品级500ml（6瓶装）	199	酒行天下
46°十五年老榆林500ml	355	塞北老窖
39°蒙古王天尊500ml	98	蒙尊老窖
39°蒙古王天尊500ml	131	蒙尊老窖
38°蒙古王精品绿桶500ml	72	蒙尊老窖
trustnature澳洲原装进口醒酒片解酒片（一盒）	118	蒙尊老窖
【清仓】12°河套百吉纳奶酒优雅550ml	168	皮囊奶酒
16°龙驹奶酒小元宝165ml（乐享）	18	龙驹奶酒
12°河套百吉纳奶酒优雅550ml（双瓶装）	319	龙驹奶酒
38º 乌兰山乌兰奶酒1500ml	69	龙驹奶酒
15.8°河套银爵皮壶奶酒500ml（双瓶装）	249	龙驹奶酒
【清仓】15.8°河套银爵皮壶奶酒500ml	128	龙驹奶酒
15.8°河套金爵皮壶奶酒500ml	158	龙驹奶酒
15.8°河套金爵皮壶奶酒500ml（双瓶装）	309	龙驹奶酒
42°河套红如意福酒500ml（四瓶装）	156	龙驹奶酒
【清仓】48°蒙古汉子650ml	19	蒙古奶酒
16°龙驹奶酒小元宝165ml（乐享）	18	蒙古奶酒
河套银爵皮壶奶酒 送 38°河套老窖248ml 	0	蒙古奶酒
68°放马鞭精品钢壶酒140ml（乐享）	25	蒙古奶酒
68°放马鞭背壶酒1500ml+68°放马鞭精品钢壶酒140ml  （乐享）勿用	184	蒙古奶酒
68°放马鞭背壶酒1500ml+68°放马鞭精品钢壶酒140ml（乐享）	184	蒙古奶酒
63°闷倒驴醉驴1500ml（4瓶装）	396	蒙古奶酒
60°放马鞭钢壶狼头烈酒248ml（双瓶装）	52	蒙古奶酒
40°鄂尔多斯敬酒500ml	256	蒙古马奶酒
【清仓】38°鄂尔多斯敬酒500ml	99	蒙古马奶酒
【清仓】38°鄂尔多斯敬酒500ml	99	蒙古马奶酒
16°龙驹奶酒小元宝165ml（乐享）	18	蒙古马奶酒
63°闷倒驴醉驴1500ml（4瓶装）	396	蒙古马奶酒
15.8°河套金樽哈达奶酒500ml	78	哈达奶酒
15.8°河套金樽哈达奶酒500ml（双瓶装）	136	哈达奶酒
15.8°河套金樽哈达奶酒500ml（双瓶装）	136	哈达奶酒
15.8°河套金樽哈达奶酒500ml（双瓶装）	136	哈达奶酒
【清仓】12°河套百吉纳奶酒优雅550ml	168	哈达奶酒
【清仓】12°河套百吉纳奶酒优雅550ml	168	皮囊马奶酒
38°裕井烧坊小酒篓250ml	32	裕井烧坊
38°裕井烧坊小酒篓250ml(6瓶装)	54	裕井烧坊
42°裕井烧坊小酒壶125ml	8	裕井烧坊
50°裕井烧坊老酒客250ml	13	裕井烧坊
50°裕井烧坊老酒客250ml(6瓶装)	78	裕井烧坊
42°裕井烧坊小酒壶125ml（12瓶装）	96	裕井烧坊
42°裕井烧坊小酒壶125ml(6瓶装)	48	裕井烧坊
53°怀庄红色经典1935	619	百年怀庄
53°怀庄红色经典长征纪念版150ml	30	百年怀庄
【清仓】53°廣祺酱酒（随心版）100ml	15	百年怀庄
53°酱领典藏30-稀世捆沙老酱酒680ml	2699	百年怀庄
53°酱领10年-j10 680ml	599	百年怀庄
53°贵州茅台镇点酱酒15年 500ml	659	百年怀庄
53°贵州茅台镇点酱酒八 500ml	309	百年怀庄
52°河套金马神奇传说酒500ml	479	河套金马酒
52°河套金马非凡传奇酒500ml	849	河套金马酒
52°河套金马珍稀传世酒500ml	1549	河套金马酒
0	156	河套金马酒
45°河套老窖塞外情500ml*6+39°兰陵瓷瓶陈香250ml	159	河套金马酒
42°河套老窖银樽（奔马）500ml	39	河套金马酒
38°河套金纯粮500ml（双瓶装）	58	河套金马酒
52°四星河套塞外情500ml	29	河套金马酒
42°河套红如意福酒500ml（双瓶装）	98	河套金马酒
42°河套老窖金樽（奔马）500ml（双瓶装）	118	河套金马酒
36°新河套王五星500ml	252	五星河套王
0	252	五星河套王
42°河套王品格喜庆版500ml	218	五星河套王
36°河套王500ml	118	五星河套王
39°新河套王500ml	145	五星河套王
42°河套王500ml	309	五星河套王
42°河套王500ml	350	五星河套王
39°古贝春百年老窖600ml	358	古贝春酒
38°古贝春百年老窖福酒铁盒装500ml	158	古贝春酒
45°古贝春五粮原窖500ml	29	古贝春酒
52°泸州老窖老乡酒480ml*2	199	老乡酒
52°泸州老窖老乡酒500ml*2	49	老乡酒
42°泸州老窖泸州福原酿八500ml	69	老乡酒
38°沂蒙老乡500ml	15	老乡酒
38°沂蒙老乡青花瓷500ml（6瓶装）	159	沂蒙山酒
38°沂蒙老乡青花瓷500ml	39	沂蒙山酒
36°贵人道500ml	68	沂蒙山酒
39°贵人道经典475ml	98	沂蒙山酒
38°大义酒500ml	118	三结义酒
52°京城第一锅500ml(2008年)	78	刘罗锅酒
52°景阳冈青花500ml	38	景阳冈富贵酒
52°景阳冈开坛香礼盒1000ml*2	159	景阳冈富贵酒
52°景阳冈青花500ml（3瓶装）	0	景阳冈富贵酒
38°景阳冈·优级英雄虎500ml	59	景阳冈富贵酒
景阳冈老虎珍藏品(乐享）	888	景阳冈富贵酒
38°景阳冈三碗不过冈·五年窖藏500ml	15	景阳冈富贵酒
46°景阳冈精品·武松打虎500ml（3瓶装）	0	景阳冈富贵酒
52°景阳冈红盒陈酿460ml（3瓶装）	0	景阳冈富贵酒
38°景阳冈·优级英雄虎500ml	59	英雄虎
38°景阳冈·优级英雄虎500ml	59	英雄虎
【清仓】42°大山特窖藏经典500ml	69	英雄虎
35°贵州醇囍酒500ml（2瓶装）	54	英雄虎
